Location_data,District_machine_name
"94501 | Alameda, CA | Alameda County",district_1
"94502 | Alameda, CA | Alameda County",district_1
"94536 | Fremont, CA | Alameda County",district_1
"94538 | Fremont, CA | Alameda County",district_1
"94539 | Fremont, CA | Alameda County",district_1
"94541 | Hayward, CA | Alameda County",district_1
"94542 | Hayward, CA | Alameda County",district_1
"94544 | Hayward, CA | Alameda County",district_1
"94545 | Hayward, CA | Alameda County",district_1
"94546 | Castro Valley, CA | Alameda County",district_1
"94550 | Livermore, CA | Alameda County",district_1
"94551 | Livermore, CA | Alameda County",district_1
"94552 | Castro Valley, CA | Alameda County",district_1
"94555 | Fremont, CA | Alameda County",district_1
"94560 | Newark, CA | Alameda County",district_1
"94566 | Pleasanton, CA | Alameda County",district_1
"94568 | Dublin, CA | Alameda County",district_1
"94577 | San Leandro, CA | Alameda County",district_1
"94578 | San Leandro, CA | Alameda County",district_1
"94579 | San Leandro, CA | Alameda County",district_1
"94580 | San Lorenzo, CA | Alameda County",district_1
"94586 | Sunol, CA | Alameda County",district_1
"94587 | Union City, CA | Alameda County",district_1
"94588 | Pleasanton, CA | Alameda County",district_1
"94601 | Oakland, CA | Alameda County",district_1
"94602 | Oakland, CA | Alameda County",district_1
"94603 | Oakland, CA | Alameda County",district_1
"94605 | Oakland, CA | Alameda County",district_1
"94606 | Oakland, CA | Alameda County",district_1
"94607 | Oakland, CA | Alameda County",district_1
"94608 | Emeryville, CA | Alameda County",district_1
"94609 | Oakland, CA | Alameda County",district_1
"94610 | Oakland, CA | Alameda County",district_1
"94611 | Oakland, CA | Alameda County",district_1
"94612 | Oakland, CA | Alameda County",district_1
"94613 | Oakland, CA | Alameda County",district_1
"94618 | Oakland, CA | Alameda County",district_1
"94619 | Oakland, CA | Alameda County",district_1
"94621 | Oakland, CA | Alameda County",district_1
"94702 | Berkeley, CA | Alameda County",district_1
"94703 | Berkeley, CA | Alameda County",district_1
"94704 | Berkeley, CA | Alameda County",district_1
"94705 | Berkeley, CA | Alameda County",district_1
"94706 | Albany, CA | Alameda County",district_1
"94707 | Berkeley, CA | Alameda County",district_1
"94709 | Berkeley, CA | Alameda County",district_1
"94710 | Berkeley, CA | Alameda County",district_1
"94720 | Berkeley, CA | Alameda County",district_1
"95391 | Tracy, CA | Alameda County",district_1
"95223 | Arnold, CA | Alpine County",district_3
"95646 | Kirkwood, CA | Alpine County",district_3
"96120 | Markleeville, CA | Alpine County",district_3
"95601 | Amador City, CA | Amador County",district_3
"95629 | Fiddletown, CA | Amador County",district_3
"95640 | Ione, CA | Amador County",district_3
"95642 | Jackson, CA | Amador County",district_3
"95665 | Pine Grove, CA | Amador County",district_3
"95666 | Pioneer, CA | Amador County",district_3
"95669 | Plymouth, CA | Amador County",district_3
"95675 | River Pines, CA | Amador County",district_3
"95685 | Sutter Creek, CA | Amador County",district_3
"95689 | Volcano, CA | Amador County",district_3
"95699 | Drytown, CA | Amador County",district_3
"95914 | Bangor, CA | Butte County",district_3
"95916 | Berry Creek, CA | Butte County",district_3
"95917 | Biggs, CA | Butte County",district_3
"95926 | Chico, CA | Butte County",district_3
"95928 | Chico, CA | Butte County",district_3
"95929 | Chico, CA | Butte County",district_3
"95930 | Clipper Mills, CA | Butte County",district_3
"95938 | Durham, CA | Butte County",district_3
"95941 | Forbestown, CA | Butte County",district_3
"95942 | Forest Ranch, CA | Butte County",district_3
"95948 | Gridley, CA | Butte County",district_3
"95954 | Magalia, CA | Butte County",district_3
"95958 | Nelson, CA | Butte County",district_3
"95965 | Oroville, CA | Butte County",district_3
"95966 | Oroville, CA | Butte County",district_3
"95968 | Palermo, CA | Butte County",district_3
"95969 | Paradise, CA | Butte County",district_3
"95973 | Chico, CA | Butte County",district_3
"95974 | Richvale, CA | Butte County",district_3
"95978 | Stirling City, CA | Butte County",district_3
"95221 | Altaville, CA | Calaveras County",district_3
"95222 | Angels Camp, CA | Calaveras County",district_3
"95224 | Avery, CA | Calaveras County",district_3
"95225 | Burson, CA | Calaveras County",district_3
"95226 | Campo Seco, CA | Calaveras County",district_3
"95228 | Copperopolis, CA | Calaveras County",district_3
"95232 | Glencoe, CA | Calaveras County",district_3
"95233 | Hathaway Pines, CA | Calaveras County",district_3
"95245 | Mokelumne Hill, CA | Calaveras County",district_3
"95246 | Mountain Ranch, CA | Calaveras County",district_3
"95247 | Murphys, CA | Calaveras County",district_3
"95248 | Rail Road Flat, CA | Calaveras County",district_3
"95249 | San Andreas, CA | Calaveras County",district_3
"95251 | Vallecito, CA | Calaveras County",district_3
"95252 | Valley Springs, CA | Calaveras County",district_3
"95254 | Wallace, CA | Calaveras County",district_3
"95255 | West Point, CA | Calaveras County",district_3
"95257 | Wilseyville, CA | Calaveras County",district_3
"95912 | Arbuckle, CA | Colusa County",district_3
"95932 | Colusa, CA | Colusa County",district_3
"95950 | Grimes, CA | Colusa County",district_3
"95955 | Maxwell, CA | Colusa County",district_3
"95979 | Stonyford, CA | Colusa County",district_3
"95987 | Williams, CA | Colusa County",district_3
"94505 | Discovery Bay, CA | Contra Costa County",district_1
"94506 | Danville, CA | Contra Costa County",district_1
"94507 | Alamo, CA | Contra Costa County",district_1
"94509 | Antioch, CA | Contra Costa County",district_1
"94511 | Bethel Island, CA | Contra Costa County",district_1
"94513 | Brentwood, CA | Contra Costa County",district_1
"94514 | Byron, CA | Contra Costa County",district_1
"94516 | Canyon, CA | Contra Costa County",district_1
"94517 | Clayton, CA | Contra Costa County",district_1
"94518 | Concord, CA | Contra Costa County",district_1
"94519 | Concord, CA | Contra Costa County",district_1
"94520 | Concord, CA | Contra Costa County",district_1
"94521 | Concord, CA | Contra Costa County",district_1
"94523 | Pleasant Hill, CA | Contra Costa County",district_1
"94525 | Crockett, CA | Contra Costa County",district_1
"94526 | Danville, CA | Contra Costa County",district_1
"94528 | Diablo, CA | Contra Costa County",district_1
"94530 | El Cerrito, CA | Contra Costa County",district_1
"94531 | Antioch, CA | Contra Costa County",district_1
"94547 | Hercules, CA | Contra Costa County",district_1
"94548 | Knightsen, CA | Contra Costa County",district_1
"94549 | Lafayette, CA | Contra Costa County",district_1
"94553 | Martinez, CA | Contra Costa County",district_1
"94556 | Moraga, CA | Contra Costa County",district_1
"94561 | Oakley, CA | Contra Costa County",district_1
"94563 | Orinda, CA | Contra Costa County",district_1
"94564 | Pinole, CA | Contra Costa County",district_1
"94565 | Pittsburg, CA | Contra Costa County",district_1
"94569 | Port Costa, CA | Contra Costa County",district_1
"94572 | Rodeo, CA | Contra Costa County",district_1
"94575 | Moraga, CA | Contra Costa County",district_1
"94582 | San Ramon, CA | Contra Costa County",district_1
"94583 | San Ramon, CA | Contra Costa County",district_1
"94595 | Walnut Creek, CA | Contra Costa County",district_1
"94596 | Walnut Creek, CA | Contra Costa County",district_1
"94597 | Walnut Creek, CA | Contra Costa County",district_1
"94598 | Walnut Creek, CA | Contra Costa County",district_1
"94708 | Berkeley, CA | Contra Costa County",district_1
"94801 | Richmond, CA | Contra Costa County",district_1
"94803 | El Sobrante, CA | Contra Costa County",district_1
"94804 | Richmond, CA | Contra Costa County",district_1
"94805 | Richmond, CA | Contra Costa County",district_1
"94806 | San Pablo, CA | Contra Costa County",district_1
"95531 | Crescent City, CA | Del Norte County",district_1
"95538 | Fort Dick, CA | Del Norte County",district_1
"95543 | Gasquet, CA | Del Norte County",district_1
"95548 | Klamath, CA | Del Norte County",district_1
"95567 | Smith River, CA | Del Norte County",district_1
"95613 | Coloma, CA | El Dorado County",district_3
"95614 | Cool, CA | El Dorado County",district_3
"95619 | Diamond Springs, CA | El Dorado County",district_3
"95623 | El Dorado, CA | El Dorado County",district_3
"95633 | Garden Valley, CA | El Dorado County",district_3
"95634 | Georgetown, CA | El Dorado County",district_3
"95635 | Greenwood, CA | El Dorado County",district_3
"95636 | Grizzly Flats, CA | El Dorado County",district_3
"95651 | Lotus, CA | El Dorado County",district_3
"95664 | Pilot Hill, CA | El Dorado County",district_3
"95667 | Placerville, CA | El Dorado County",district_3
"95672 | Rescue, CA | El Dorado County",district_3
"95682 | Shingle Springs, CA | El Dorado County",district_3
"95684 | Somerset, CA | El Dorado County",district_3
"95709 | Camino, CA | El Dorado County",district_3
"95720 | Kyburz, CA | El Dorado County",district_3
"95721 | Echo Lake, CA | El Dorado County",district_3
"95726 | Pollock Pines, CA | El Dorado County",district_3
"95735 | Twin Bridges, CA | El Dorado County",district_3
"95762 | El Dorado Hills, CA | El Dorado County",district_3
"96142 | Tahoma, CA | El Dorado County",district_3
"96150 | South Lake Tahoe, CA | El Dorado County",district_3
"96155 | South Lake Tahoe, CA | El Dorado County",district_3
"93210 | Coalinga, CA | Fresno County",district_5
"93234 | Huron, CA | Fresno County",district_5
"93242 | Laton, CA | Fresno County",district_5
"93602 | Auberry, CA | Fresno County",district_5
"93605 | Big Creek, CA | Fresno County",district_5
"93606 | Biola, CA | Fresno County",district_5
"93608 | Cantua Creek, CA | Fresno County",district_5
"93609 | Caruthers, CA | Fresno County",district_5
"93611 | Clovis, CA | Fresno County",district_5
"93612 | Clovis, CA | Fresno County",district_5
"93616 | Del Rey, CA | Fresno County",district_5
"93619 | Clovis, CA | Fresno County",district_5
"93621 | Dunlap, CA | Fresno County",district_5
"93622 | Firebaugh, CA | Fresno County",district_5
"93624 | Five Points, CA | Fresno County",district_5
"93625 | Fowler, CA | Fresno County",district_5
"93627 | Helm, CA | Fresno County",district_5
"93628 | Hume, CA | Fresno County",district_5
"93630 | Kerman, CA | Fresno County",district_5
"93634 | Lakeshore, CA | Fresno County",district_5
"93640 | Mendota, CA | Fresno County",district_5
"93641 | Miramonte, CA | Fresno County",district_5
"93648 | Parlier, CA | Fresno County",district_5
"93650 | Fresno, CA | Fresno County",district_5
"93651 | Prather, CA | Fresno County",district_5
"93652 | Raisin City, CA | Fresno County",district_5
"93654 | Reedley, CA | Fresno County",district_5
"93656 | Riverdale, CA | Fresno County",district_5
"93657 | Sanger, CA | Fresno County",district_5
"93660 | San Joaquin, CA | Fresno County",district_5
"93662 | Selma, CA | Fresno County",district_5
"93664 | Shaver Lake, CA | Fresno County",district_5
"93667 | Tollhouse, CA | Fresno County",district_5
"93668 | Tranquillity, CA | Fresno County",district_5
"93675 | Squaw Valley, CA | Fresno County",district_5
"93701 | Fresno, CA | Fresno County",district_5
"93702 | Fresno, CA | Fresno County",district_5
"93703 | Fresno, CA | Fresno County",district_5
"93704 | Fresno, CA | Fresno County",district_5
"93705 | Fresno, CA | Fresno County",district_5
"93706 | Fresno, CA | Fresno County",district_5
"93710 | Fresno, CA | Fresno County",district_5
"93711 | Fresno, CA | Fresno County",district_5
"93720 | Fresno, CA | Fresno County",district_5
"93721 | Fresno, CA | Fresno County",district_5
"93722 | Fresno, CA | Fresno County",district_5
"93723 | Fresno, CA | Fresno County",district_5
"93725 | Fresno, CA | Fresno County",district_5
"93726 | Fresno, CA | Fresno County",district_5
"93727 | Fresno, CA | Fresno County",district_5
"93728 | Fresno, CA | Fresno County",district_5
"93730 | Fresno, CA | Fresno County",district_5
"93737 | Fresno, CA | Fresno County",district_5
"93740 | Fresno, CA | Fresno County",district_5
"93741 | Fresno, CA | Fresno County",district_5
"95913 | Artois, CA | Glenn County",district_3
"95920 | Butte City, CA | Glenn County",district_3
"95939 | Elk Creek, CA | Glenn County",district_3
"95943 | Glenn, CA | Glenn County",district_3
"95951 | Hamilton City, CA | Glenn County",district_3
"95963 | Orland, CA | Glenn County",district_3
"95970 | Princeton, CA | Glenn County",district_3
"95988 | Willows, CA | Glenn County",district_3
"95501 | Eureka, CA | Humboldt County",district_1
"95503 | Eureka, CA | Humboldt County",district_1
"95511 | Alderpoint, CA | Humboldt County",district_1
"95514 | Blocksburg, CA | Humboldt County",district_1
"95519 | Mckinleyville, CA | Humboldt County",district_1
"95521 | Arcata, CA | Humboldt County",district_1
"95524 | Bayside, CA | Humboldt County",district_1
"95525 | Blue Lake, CA | Humboldt County",district_1
"95526 | Bridgeville, CA | Humboldt County",district_1
"95528 | Carlotta, CA | Humboldt County",district_1
"95536 | Ferndale, CA | Humboldt County",district_1
"95537 | Fields Landing, CA | Humboldt County",district_1
"95540 | Fortuna, CA | Humboldt County",district_1
"95542 | Garberville, CA | Humboldt County",district_1
"95545 | Honeydew, CA | Humboldt County",district_1
"95546 | Hoopa, CA | Humboldt County",district_1
"95547 | Hydesville, CA | Humboldt County",district_1
"95549 | Kneeland, CA | Humboldt County",district_1
"95550 | Korbel, CA | Humboldt County",district_1
"95551 | Loleta, CA | Humboldt County",district_1
"95553 | Miranda, CA | Humboldt County",district_1
"95554 | Myers Flat, CA | Humboldt County",district_1
"95555 | Orick, CA | Humboldt County",district_1
"95556 | Orleans, CA | Humboldt County",district_1
"95558 | Petrolia, CA | Humboldt County",district_1
"95559 | Phillipsville, CA | Humboldt County",district_1
"95560 | Redway, CA | Humboldt County",district_1
"95562 | Rio Dell, CA | Humboldt County",district_1
"95564 | Samoa, CA | Humboldt County",district_1
"95565 | Scotia, CA | Humboldt County",district_1
"95569 | Redcrest, CA | Humboldt County",district_1
"95570 | Trinidad, CA | Humboldt County",district_1
"95571 | Weott, CA | Humboldt County",district_1
"95573 | Willow Creek, CA | Humboldt County",district_1
"95589 | Whitethorn, CA | Humboldt County",district_1
"92222 | Bard, CA | Imperial County",district_4
"92227 | Brawley, CA | Imperial County",district_4
"92231 | Calexico, CA | Imperial County",district_4
"92233 | Calipatria, CA | Imperial County",district_4
"92243 | El Centro, CA | Imperial County",district_4
"92249 | Heber, CA | Imperial County",district_4
"92250 | Holtville, CA | Imperial County",district_4
"92251 | Imperial, CA | Imperial County",district_4
"92257 | Niland, CA | Imperial County",district_4
"92259 | Ocotillo, CA | Imperial County",district_4
"92266 | Palo Verde, CA | Imperial County",district_4
"92273 | Seeley, CA | Imperial County",district_4
"92275 | Salton City, CA | Imperial County",district_4
"92281 | Westmorland, CA | Imperial County",district_4
"92283 | Winterhaven, CA | Imperial County",district_4
"92328 | Death Valley, CA | Inyo County",district_4
"92384 | Shoshone, CA | Inyo County",district_4
"92389 | Tecopa, CA | Inyo County",district_4
"93513 | Big Pine, CA | Inyo County",district_4
"93522 | Darwin, CA | Inyo County",district_4
"93526 | Independence, CA | Inyo County",district_4
"93530 | Keeler, CA | Inyo County",district_4
"93545 | Lone Pine, CA | Inyo County",district_4
"93549 | Olancha, CA | Inyo County",district_4
"93203 | Arvin, CA | Kern County",district_5
"93205 | Bodfish, CA | Kern County",district_5
"93206 | Buttonwillow, CA | Kern County",district_5
"93215 | Delano, CA | Kern County",district_5
"93220 | Edison, CA | Kern County",district_5
"93222 | Pine Mountain Club, CA | Kern County",district_5
"93224 | Fellows, CA | Kern County",district_5
"93226 | Glennville, CA | Kern County",district_5
"93240 | Lake Isabella, CA | Kern County",district_5
"93241 | Lamont, CA | Kern County",district_5
"93243 | Lebec, CA | Kern County",district_5
"93249 | Lost Hills, CA | Kern County",district_5
"93250 | McFarland, CA | Kern County",district_5
"93251 | McKittrick, CA | Kern County",district_5
"93255 | Onyx, CA | Kern County",district_5
"93263 | Shafter, CA | Kern County",district_5
"93268 | Taft, CA | Kern County",district_5
"93276 | Tupman, CA | Kern County",district_5
"93280 | Wasco, CA | Kern County",district_5
"93283 | Weldon, CA | Kern County",district_5
"93285 | Wofford Heights, CA | Kern County",district_5
"93287 | Woody, CA | Kern County",district_5
"93301 | Bakersfield, CA | Kern County",district_5
"93304 | Bakersfield, CA | Kern County",district_5
"93305 | Bakersfield, CA | Kern County",district_5
"93306 | Bakersfield, CA | Kern County",district_5
"93307 | Bakersfield, CA | Kern County",district_5
"93308 | Bakersfield, CA | Kern County",district_5
"93309 | Bakersfield, CA | Kern County",district_5
"93311 | Bakersfield, CA | Kern County",district_5
"93312 | Bakersfield, CA | Kern County",district_5
"93313 | Bakersfield, CA | Kern County",district_5
"93314 | Bakersfield, CA | Kern County",district_5
"93501 | Mojave, CA | Kern County",district_5
"93505 | California City, CA | Kern County",district_5
"93516 | Boron, CA | Kern County",district_5
"93518 | Caliente, CA | Kern County",district_5
"93519 | Cantil, CA | Kern County",district_5
"93523 | Edwards, CA | Kern County",district_5
"93524 | Edwards, CA | Kern County",district_5
"93528 | Johannesburg, CA | Kern County",district_5
"93531 | Keene, CA | Kern County",district_5
"93554 | Randsburg, CA | Kern County",district_5
"93555 | Ridgecrest, CA | Kern County",district_5
"93560 | Rosamond, CA | Kern County",district_5
"93561 | Tehachapi, CA | Kern County",district_5
"93581 | Tehachapi, CA | Kern County",district_5
"93202 | Armona, CA | Kings County",district_5
"93204 | Avenal, CA | Kings County",district_5
"93212 | Corcoran, CA | Kings County",district_5
"93230 | Hanford, CA | Kings County",district_5
"93239 | Kettleman City, CA | Kings County",district_5
"93245 | Lemoore, CA | Kings County",district_5
"93246 | Lemoore, CA | Kings County",district_5
"93266 | Stratford, CA | Kings County",district_5
"95422 | Clearlake, CA | Lake County",district_1
"95423 | Clearlake Oaks, CA | Lake County",district_1
"95426 | Cobb, CA | Lake County",district_1
"95435 | Finley, CA | Lake County",district_1
"95443 | Glenhaven, CA | Lake County",district_1
"95451 | Kelseyville, CA | Lake County",district_1
"95453 | Lakeport, CA | Lake County",district_1
"95457 | Lower Lake, CA | Lake County",district_1
"95458 | Lucerne, CA | Lake County",district_1
"95461 | Middletown, CA | Lake County",district_1
"95464 | Nice, CA | Lake County",district_1
"95467 | Hidden Valley Lake, CA | Lake County",district_1
"95485 | Upper Lake, CA | Lake County",district_1
"95493 | Witter Springs, CA | Lake County",district_1
"96006 | Adin, CA | Lassen County",district_3
"96009 | Bieber, CA | Lassen County",district_3
"96056 | Mcarthur, CA | Lassen County",district_3
"96068 | Nubieber, CA | Lassen County",district_3
"96109 | Doyle, CA | Lassen County",district_3
"96113 | Herlong, CA | Lassen County",district_3
"96114 | Janesville, CA | Lassen County",district_3
"96117 | Litchfield, CA | Lassen County",district_3
"96119 | Madeline, CA | Lassen County",district_3
"96121 | Milford, CA | Lassen County",district_3
"96123 | Ravendale, CA | Lassen County",district_3
"96128 | Standish, CA | Lassen County",district_3
"96130 | Susanville, CA | Lassen County",district_3
"96132 | Termo, CA | Lassen County",district_3
"96136 | Wendel, CA | Lassen County",district_3
"96137 | Westwood, CA | Lassen County",district_3
"90001 | Los Angeles, CA | Los Angeles County",district_2
"90002 | Los Angeles, CA | Los Angeles County",district_2
"90003 | Los Angeles, CA | Los Angeles County",district_2
"90004 | Los Angeles, CA | Los Angeles County",district_2
"90005 | Los Angeles, CA | Los Angeles County",district_2
"90006 | Los Angeles, CA | Los Angeles County",district_2
"90007 | Los Angeles, CA | Los Angeles County",district_2
"90008 | Los Angeles, CA | Los Angeles County",district_2
"90010 | Los Angeles, CA | Los Angeles County",district_2
"90011 | Los Angeles, CA | Los Angeles County",district_2
"90012 | Los Angeles, CA | Los Angeles County",district_2
"90013 | Los Angeles, CA | Los Angeles County",district_2
"90014 | Los Angeles, CA | Los Angeles County",district_2
"90015 | Los Angeles, CA | Los Angeles County",district_2
"90016 | Los Angeles, CA | Los Angeles County",district_2
"90017 | Los Angeles, CA | Los Angeles County",district_2
"90018 | Los Angeles, CA | Los Angeles County",district_2
"90019 | Los Angeles, CA | Los Angeles County",district_2
"90020 | Los Angeles, CA | Los Angeles County",district_2
"90021 | Los Angeles, CA | Los Angeles County",district_2
"90022 | Los Angeles, CA | Los Angeles County",district_2
"90023 | Los Angeles, CA | Los Angeles County",district_2
"90024 | Los Angeles, CA | Los Angeles County",district_2
"90025 | Los Angeles, CA | Los Angeles County",district_2
"90026 | Los Angeles, CA | Los Angeles County",district_2
"90027 | Los Angeles, CA | Los Angeles County",district_2
"90028 | Los Angeles, CA | Los Angeles County",district_2
"90029 | Los Angeles, CA | Los Angeles County",district_2
"90031 | Los Angeles, CA | Los Angeles County",district_2
"90032 | Los Angeles, CA | Los Angeles County",district_2
"90033 | Los Angeles, CA | Los Angeles County",district_2
"90034 | Los Angeles, CA | Los Angeles County",district_2
"90035 | Los Angeles, CA | Los Angeles County",district_2
"90036 | Los Angeles, CA | Los Angeles County",district_2
"90037 | Los Angeles, CA | Los Angeles County",district_2
"90038 | Los Angeles, CA | Los Angeles County",district_2
"90039 | Los Angeles, CA | Los Angeles County",district_2
"90040 | Los Angeles, CA | Los Angeles County",district_2
"90041 | Los Angeles, CA | Los Angeles County",district_2
"90042 | Los Angeles, CA | Los Angeles County",district_2
"90043 | Los Angeles, CA | Los Angeles County",district_2
"90044 | Los Angeles, CA | Los Angeles County",district_2
"90045 | Los Angeles, CA | Los Angeles County",district_2
"90046 | Los Angeles, CA | Los Angeles County",district_2
"90047 | Los Angeles, CA | Los Angeles County",district_2
"90048 | Los Angeles, CA | Los Angeles County",district_2
"90049 | Los Angeles, CA | Los Angeles County",district_2
"90052 | Los Angeles, CA | Los Angeles County",district_2
"90056 | Los Angeles, CA | Los Angeles County",district_2
"90057 | Los Angeles, CA | Los Angeles County",district_2
"90058 | Los Angeles, CA | Los Angeles County",district_2
"90059 | Los Angeles, CA | Los Angeles County",district_2
"90061 | Los Angeles, CA | Los Angeles County",district_2
"90062 | Los Angeles, CA | Los Angeles County",district_2
"90063 | Los Angeles, CA | Los Angeles County",district_2
"90064 | Los Angeles, CA | Los Angeles County",district_2
"90065 | Los Angeles, CA | Los Angeles County",district_2
"90066 | Los Angeles, CA | Los Angeles County",district_2
"90067 | Los Angeles, CA | Los Angeles County",district_2
"90068 | Los Angeles, CA | Los Angeles County",district_2
"90069 | West Hollywood, CA | Los Angeles County",district_2
"90071 | Los Angeles, CA | Los Angeles County",district_2
"90073 | Los Angeles, CA | Los Angeles County",district_2
"90077 | Los Angeles, CA | Los Angeles County",district_2
"90079 | Los Angeles, CA | Los Angeles County",district_2
"90089 | Los Angeles, CA | Los Angeles County",district_2
"90094 | Playa Vista, CA | Los Angeles County",district_2
"90095 | Los Angeles, CA | Los Angeles County",district_2
"90201 | Bell Gardens, CA | Los Angeles County",district_2
"90210 | Beverly Hills, CA | Los Angeles County",district_2
"90211 | Beverly Hills, CA | Los Angeles County",district_2
"90212 | Beverly Hills, CA | Los Angeles County",district_2
"90220 | Compton, CA | Los Angeles County",district_2
"90221 | Compton, CA | Los Angeles County",district_2
"90222 | Compton, CA | Los Angeles County",district_2
"90230 | Culver City, CA | Los Angeles County",district_2
"90232 | Culver City, CA | Los Angeles County",district_2
"90240 | Downey, CA | Los Angeles County",district_2
"90241 | Downey, CA | Los Angeles County",district_2
"90242 | Downey, CA | Los Angeles County",district_2
"90245 | El Segundo, CA | Los Angeles County",district_2
"90247 | Gardena, CA | Los Angeles County",district_2
"90248 | Gardena, CA | Los Angeles County",district_2
"90249 | Gardena, CA | Los Angeles County",district_2
"90250 | Hawthorne, CA | Los Angeles County",district_2
"90254 | Hermosa Beach, CA | Los Angeles County",district_2
"90255 | Huntington Park, CA | Los Angeles County",district_2
"90260 | Lawndale, CA | Los Angeles County",district_2
"90262 | Lynwood, CA | Los Angeles County",district_2
"90263 | Malibu, CA | Los Angeles County",district_2
"90265 | Malibu, CA | Los Angeles County",district_2
"90266 | Manhattan Beach, CA | Los Angeles County",district_2
"90270 | Maywood, CA | Los Angeles County",district_2
"90272 | Pacific Palisades, CA | Los Angeles County",district_2
"90274 | Palos Verdes Peninsula, CA | Los Angeles County",district_2
"90275 | Rancho Palos Verdes, CA | Los Angeles County",district_2
"90277 | Redondo Beach, CA | Los Angeles County",district_2
"90278 | Redondo Beach, CA | Los Angeles County",district_2
"90280 | South Gate, CA | Los Angeles County",district_2
"90290 | Topanga, CA | Los Angeles County",district_2
"90291 | Venice, CA | Los Angeles County",district_2
"90292 | Marina Del Rey, CA | Los Angeles County",district_2
"90293 | Playa Del Rey, CA | Los Angeles County",district_2
"90301 | Inglewood, CA | Los Angeles County",district_2
"90302 | Inglewood, CA | Los Angeles County",district_2
"90303 | Inglewood, CA | Los Angeles County",district_2
"90304 | Inglewood, CA | Los Angeles County",district_2
"90305 | Inglewood, CA | Los Angeles County",district_2
"90401 | Santa Monica, CA | Los Angeles County",district_2
"90402 | Santa Monica, CA | Los Angeles County",district_2
"90403 | Santa Monica, CA | Los Angeles County",district_2
"90404 | Santa Monica, CA | Los Angeles County",district_2
"90405 | Santa Monica, CA | Los Angeles County",district_2
"90501 | Torrance, CA | Los Angeles County",district_2
"90502 | Torrance, CA | Los Angeles County",district_2
"90503 | Torrance, CA | Los Angeles County",district_2
"90504 | Torrance, CA | Los Angeles County",district_2
"90505 | Torrance, CA | Los Angeles County",district_2
"90506 | Torrance, CA | Los Angeles County",district_2
"90601 | Whittier, CA | Los Angeles County",district_2
"90602 | Whittier, CA | Los Angeles County",district_2
"90603 | Whittier, CA | Los Angeles County",district_2
"90604 | Whittier, CA | Los Angeles County",district_2
"90605 | Whittier, CA | Los Angeles County",district_2
"90606 | Whittier, CA | Los Angeles County",district_2
"90638 | La Mirada, CA | Los Angeles County",district_2
"90639 | La Mirada, CA | Los Angeles County",district_2
"90640 | Montebello, CA | Los Angeles County",district_2
"90650 | Norwalk, CA | Los Angeles County",district_2
"90660 | Pico Rivera, CA | Los Angeles County",district_2
"90670 | Santa Fe Springs, CA | Los Angeles County",district_2
"90701 | Artesia, CA | Los Angeles County",district_2
"90703 | Cerritos, CA | Los Angeles County",district_2
"90704 | Avalon, CA | Los Angeles County",district_2
"90706 | Bellflower, CA | Los Angeles County",district_2
"90710 | Harbor City, CA | Los Angeles County",district_2
"90712 | Lakewood, CA | Los Angeles County",district_2
"90713 | Lakewood, CA | Los Angeles County",district_2
"90715 | Lakewood, CA | Los Angeles County",district_2
"90716 | Hawaiian Gardens, CA | Los Angeles County",district_2
"90717 | Lomita, CA | Los Angeles County",district_2
"90723 | Paramount, CA | Los Angeles County",district_2
"90731 | San Pedro, CA | Los Angeles County",district_2
"90732 | San Pedro, CA | Los Angeles County",district_2
"90744 | Wilmington, CA | Los Angeles County",district_2
"90745 | Carson, CA | Los Angeles County",district_2
"90746 | Carson, CA | Los Angeles County",district_2
"90747 | Carson, CA | Los Angeles County",district_2
"90755 | Signal Hill, CA | Los Angeles County",district_2
"90802 | Long Beach, CA | Los Angeles County",district_2
"90803 | Long Beach, CA | Los Angeles County",district_2
"90804 | Long Beach, CA | Los Angeles County",district_2
"90805 | Long Beach, CA | Los Angeles County",district_2
"90806 | Long Beach, CA | Los Angeles County",district_2
"90807 | Long Beach, CA | Los Angeles County",district_2
"90808 | Long Beach, CA | Los Angeles County",district_2
"90810 | Long Beach, CA | Los Angeles County",district_2
"90813 | Long Beach, CA | Los Angeles County",district_2
"90814 | Long Beach, CA | Los Angeles County",district_2
"90815 | Long Beach, CA | Los Angeles County",district_2
"90822 | Long Beach, CA | Los Angeles County",district_2
"90831 | Long Beach, CA | Los Angeles County",district_2
"90840 | Long Beach, CA | Los Angeles County",district_2
"91001 | Altadena, CA | Los Angeles County",district_2
"91006 | Arcadia, CA | Los Angeles County",district_2
"91007 | Arcadia, CA | Los Angeles County",district_2
"91008 | Duarte, CA | Los Angeles County",district_2
"91010 | Duarte, CA | Los Angeles County",district_2
"91011 | La Canada Flintridge, CA | Los Angeles County",district_2
"91016 | Monrovia, CA | Los Angeles County",district_2
"91020 | Montrose, CA | Los Angeles County",district_2
"91024 | Sierra Madre, CA | Los Angeles County",district_2
"91030 | South Pasadena, CA | Los Angeles County",district_2
"91040 | Sunland, CA | Los Angeles County",district_2
"91042 | Tujunga, CA | Los Angeles County",district_2
"91046 | Verdugo City, CA | Los Angeles County",district_2
"91101 | Pasadena, CA | Los Angeles County",district_2
"91103 | Pasadena, CA | Los Angeles County",district_2
"91104 | Pasadena, CA | Los Angeles County",district_2
"91105 | Pasadena, CA | Los Angeles County",district_2
"91106 | Pasadena, CA | Los Angeles County",district_2
"91107 | Pasadena, CA | Los Angeles County",district_2
"91108 | San Marino, CA | Los Angeles County",district_2
"91125 | Pasadena, CA | Los Angeles County",district_2
"91201 | Glendale, CA | Los Angeles County",district_2
"91202 | Glendale, CA | Los Angeles County",district_2
"91203 | Glendale, CA | Los Angeles County",district_2
"91204 | Glendale, CA | Los Angeles County",district_2
"91205 | Glendale, CA | Los Angeles County",district_2
"91206 | Glendale, CA | Los Angeles County",district_2
"91207 | Glendale, CA | Los Angeles County",district_2
"91208 | Glendale, CA | Los Angeles County",district_2
"91210 | Glendale, CA | Los Angeles County",district_2
"91214 | La Crescenta, CA | Los Angeles County",district_2
"91301 | Agoura Hills, CA | Los Angeles County",district_2
"91302 | Calabasas, CA | Los Angeles County",district_2
"91303 | Canoga Park, CA | Los Angeles County",district_2
"91304 | Canoga Park, CA | Los Angeles County",district_2
"91306 | Winnetka, CA | Los Angeles County",district_2
"91307 | West Hills, CA | Los Angeles County",district_2
"91311 | Chatsworth, CA | Los Angeles County",district_2
"91316 | Encino, CA | Los Angeles County",district_2
"91321 | Newhall, CA | Los Angeles County",district_2
"91324 | Northridge, CA | Los Angeles County",district_2
"91325 | Northridge, CA | Los Angeles County",district_2
"91326 | Porter Ranch, CA | Los Angeles County",district_2
"91330 | Northridge, CA | Los Angeles County",district_2
"91331 | Pacoima, CA | Los Angeles County",district_2
"91335 | Reseda, CA | Los Angeles County",district_2
"91340 | San Fernando, CA | Los Angeles County",district_2
"91342 | Sylmar, CA | Los Angeles County",district_2
"91343 | North Hills, CA | Los Angeles County",district_2
"91344 | Granada Hills, CA | Los Angeles County",district_2
"91345 | Mission Hills, CA | Los Angeles County",district_2
"91350 | Santa Clarita, CA | Los Angeles County",district_2
"91351 | Canyon Country, CA | Los Angeles County",district_2
"91352 | Sun Valley, CA | Los Angeles County",district_2
"91354 | Valencia, CA | Los Angeles County",district_2
"91355 | Valencia, CA | Los Angeles County",district_2
"91356 | Tarzana, CA | Los Angeles County",district_2
"91364 | Woodland Hills, CA | Los Angeles County",district_2
"91367 | Woodland Hills, CA | Los Angeles County",district_2
"91371 | Woodland Hills, CA | Los Angeles County",district_2
"91381 | Stevenson Ranch, CA | Los Angeles County",district_2
"91384 | Castaic, CA | Los Angeles County",district_2
"91387 | Canyon Country, CA | Los Angeles County",district_2
"91390 | Santa Clarita, CA | Los Angeles County",district_2
"91401 | Van Nuys, CA | Los Angeles County",district_2
"91402 | Panorama City, CA | Los Angeles County",district_2
"91403 | Sherman Oaks, CA | Los Angeles County",district_2
"91405 | Van Nuys, CA | Los Angeles County",district_2
"91406 | Van Nuys, CA | Los Angeles County",district_2
"91411 | Van Nuys, CA | Los Angeles County",district_2
"91423 | Sherman Oaks, CA | Los Angeles County",district_2
"91436 | Encino, CA | Los Angeles County",district_2
"91501 | Burbank, CA | Los Angeles County",district_2
"91502 | Burbank, CA | Los Angeles County",district_2
"91504 | Burbank, CA | Los Angeles County",district_2
"91505 | Burbank, CA | Los Angeles County",district_2
"91506 | Burbank, CA | Los Angeles County",district_2
"91601 | North Hollywood, CA | Los Angeles County",district_2
"91602 | North Hollywood, CA | Los Angeles County",district_2
"91604 | Studio City, CA | Los Angeles County",district_2
"91605 | North Hollywood, CA | Los Angeles County",district_2
"91606 | North Hollywood, CA | Los Angeles County",district_2
"91607 | Valley Village, CA | Los Angeles County",district_2
"91608 | Universal City, CA | Los Angeles County",district_2
"91702 | Azusa, CA | Los Angeles County",district_2
"91706 | Baldwin Park, CA | Los Angeles County",district_2
"91711 | Claremont, CA | Los Angeles County",district_2
"91722 | Covina, CA | Los Angeles County",district_2
"91723 | Covina, CA | Los Angeles County",district_2
"91724 | Covina, CA | Los Angeles County",district_2
"91731 | El Monte, CA | Los Angeles County",district_2
"91732 | El Monte, CA | Los Angeles County",district_2
"91733 | South El Monte, CA | Los Angeles County",district_2
"91740 | Glendora, CA | Los Angeles County",district_2
"91741 | Glendora, CA | Los Angeles County",district_2
"91744 | La Puente, CA | Los Angeles County",district_2
"91745 | Hacienda Heights, CA | Los Angeles County",district_2
"91746 | La Puente, CA | Los Angeles County",district_2
"91748 | Rowland Heights, CA | Los Angeles County",district_2
"91750 | La Verne, CA | Los Angeles County",district_2
"91754 | Monterey Park, CA | Los Angeles County",district_2
"91755 | Monterey Park, CA | Los Angeles County",district_2
"91759 | Mt Baldy, CA | Los Angeles County",district_2
"91765 | Diamond Bar, CA | Los Angeles County",district_2
"91766 | Pomona, CA | Los Angeles County",district_2
"91767 | Pomona, CA | Los Angeles County",district_2
"91768 | Pomona, CA | Los Angeles County",district_2
"91770 | Rosemead, CA | Los Angeles County",district_2
"91773 | San Dimas, CA | Los Angeles County",district_2
"91775 | San Gabriel, CA | Los Angeles County",district_2
"91776 | San Gabriel, CA | Los Angeles County",district_2
"91780 | Temple City, CA | Los Angeles County",district_2
"91789 | Walnut, CA | Los Angeles County",district_2
"91790 | West Covina, CA | Los Angeles County",district_2
"91791 | West Covina, CA | Los Angeles County",district_2
"91792 | West Covina, CA | Los Angeles County",district_2
"91801 | Alhambra, CA | Los Angeles County",district_2
"91803 | Alhambra, CA | Los Angeles County",district_2
"92397 | Wrightwood, CA | Los Angeles County",district_2
"93510 | Acton, CA | Los Angeles County",district_2
"93532 | Lake Hughes, CA | Los Angeles County",district_2
"93534 | Lancaster, CA | Los Angeles County",district_2
"93535 | Lancaster, CA | Los Angeles County",district_2
"93536 | Lancaster, CA | Los Angeles County",district_2
"93543 | Littlerock, CA | Los Angeles County",district_2
"93544 | Llano, CA | Los Angeles County",district_2
"93550 | Palmdale, CA | Los Angeles County",district_2
"93551 | Palmdale, CA | Los Angeles County",district_2
"93552 | Palmdale, CA | Los Angeles County",district_2
"93553 | Pearblossom, CA | Los Angeles County",district_2
"93563 | Valyermo, CA | Los Angeles County",district_2
"93591 | Palmdale, CA | Los Angeles County",district_2
"93601 | Ahwahnee, CA | Madera County",district_5
"93604 | Bass Lake, CA | Madera County",district_5
"93610 | Chowchilla, CA | Madera County",district_5
"93614 | Coarsegold, CA | Madera County",district_5
"93626 | Friant, CA | Madera County",district_5
"93636 | Madera, CA | Madera County",district_5
"93637 | Madera, CA | Madera County",district_5
"93638 | Madera, CA | Madera County",district_5
"93643 | North Fork, CA | Madera County",district_5
"93644 | Oakhurst, CA | Madera County",district_5
"93645 | O'Neals, CA | Madera County",district_5
"93653 | Raymond, CA | Madera County",district_5
"93669 | Wishon, CA | Madera County",district_5
"94901 | San Rafael, CA | Marin County",district_1
"94903 | San Rafael, CA | Marin County",district_1
"94904 | Greenbrae, CA | Marin County",district_1
"94920 | Belvedere Tiburon, CA | Marin County",district_1
"94924 | Bolinas, CA | Marin County",district_1
"94925 | Corte Madera, CA | Marin County",district_1
"94929 | Dillon Beach, CA | Marin County",district_1
"94930 | Fairfax, CA | Marin County",district_1
"94933 | Forest Knolls, CA | Marin County",district_1
"94937 | Inverness, CA | Marin County",district_1
"94938 | Lagunitas, CA | Marin County",district_1
"94939 | Larkspur, CA | Marin County",district_1
"94940 | Marshall, CA | Marin County",district_1
"94941 | Mill Valley, CA | Marin County",district_1
"94945 | Novato, CA | Marin County",district_1
"94946 | Nicasio, CA | Marin County",district_1
"94947 | Novato, CA | Marin County",district_1
"94949 | Novato, CA | Marin County",district_1
"94950 | Olema, CA | Marin County",district_1
"94952 | Petaluma, CA | Marin County",district_1
"94956 | Point Reyes Station, CA | Marin County",district_1
"94957 | Ross, CA | Marin County",district_1
"94960 | San Anselmo, CA | Marin County",district_1
"94963 | San Geronimo, CA | Marin County",district_1
"94964 | San Quentin, CA | Marin County",district_1
"94965 | Sausalito, CA | Marin County",district_1
"94970 | Stinson Beach, CA | Marin County",district_1
"94971 | Tomales, CA | Marin County",district_1
"94973 | Woodacre, CA | Marin County",district_1
"93623 | Fish Camp, CA | Mariposa County",district_5
"95306 | Catheys Valley, CA | Mariposa County",district_5
"95311 | Coulterville, CA | Mariposa County",district_5
"95318 | El Portal, CA | Mariposa County",district_5
"95325 | Hornitos, CA | Mariposa County",district_5
"95338 | Mariposa, CA | Mariposa County",district_5
"95345 | Midpines, CA | Mariposa County",district_5
"95389 | Yosemite National Park, CA | Mariposa County",district_5
"95410 | Albion, CA | Mendocino County",district_1
"95415 | Boonville, CA | Mendocino County",district_1
"95417 | Branscomb, CA | Mendocino County",district_1
"95420 | Caspar, CA | Mendocino County",district_1
"95427 | Comptche, CA | Mendocino County",district_1
"95428 | Covelo, CA | Mendocino County",district_1
"95429 | Dos Rios, CA | Mendocino County",district_1
"95432 | Elk, CA | Mendocino County",district_1
"95437 | Fort Bragg, CA | Mendocino County",district_1
"95445 | Gualala, CA | Mendocino County",district_1
"95449 | Hopland, CA | Mendocino County",district_1
"95454 | Laytonville, CA | Mendocino County",district_1
"95456 | Little River, CA | Mendocino County",district_1
"95459 | Manchester, CA | Mendocino County",district_1
"95460 | Mendocino, CA | Mendocino County",district_1
"95463 | Navarro, CA | Mendocino County",district_1
"95466 | Philo, CA | Mendocino County",district_1
"95468 | Point Arena, CA | Mendocino County",district_1
"95469 | Potter Valley, CA | Mendocino County",district_1
"95470 | Redwood Valley, CA | Mendocino County",district_1
"95482 | Ukiah, CA | Mendocino County",district_1
"95488 | Westport, CA | Mendocino County",district_1
"95490 | Willits, CA | Mendocino County",district_1
"95494 | Yorkville, CA | Mendocino County",district_1
"95585 | Leggett, CA | Mendocino County",district_1
"95587 | Piercy, CA | Mendocino County",district_1
"93620 | Dos Palos, CA | Merced County",district_5
"93635 | Los Banos, CA | Merced County",district_5
"93665 | South Dos Palos, CA | Merced County",district_5
"95301 | Atwater, CA | Merced County",district_5
"95303 | Ballico, CA | Merced County",district_5
"95312 | Cressey, CA | Merced County",district_5
"95315 | Delhi, CA | Merced County",district_5
"95317 | El Nido, CA | Merced County",district_5
"95322 | Gustine, CA | Merced County",district_5
"95324 | Hilmar, CA | Merced County",district_5
"95333 | Le Grand, CA | Merced County",district_5
"95334 | Livingston, CA | Merced County",district_5
"95340 | Merced, CA | Merced County",district_5
"95341 | Merced, CA | Merced County",district_5
"95348 | Merced, CA | Merced County",district_5
"95365 | Planada, CA | Merced County",district_5
"95369 | Snelling, CA | Merced County",district_5
"95374 | Stevinson, CA | Merced County",district_5
"95388 | Winton, CA | Merced County",district_5
"96015 | Canby, CA | Modoc County",district_3
"96054 | Lookout, CA | Modoc County",district_3
"96101 | Alturas, CA | Modoc County",district_3
"96104 | Cedarville, CA | Modoc County",district_3
"96108 | Davis Creek, CA | Modoc County",district_3
"96110 | Eagleville, CA | Modoc County",district_3
"96112 | Fort Bidwell, CA | Modoc County",district_3
"96115 | Lake City, CA | Modoc County",district_3
"96116 | Likely, CA | Modoc County",district_3
"96134 | Tulelake, CA | Modoc County",district_3
"93512 | Benton, CA | Mono County",district_3
"93514 | Bishop, CA | Mono County",district_3
"93517 | Bridgeport, CA | Mono County",district_3
"93529 | June Lake, CA | Mono County",district_3
"93541 | Lee Vining, CA | Mono County",district_3
"93546 | Mammoth Lakes, CA | Mono County",district_3
"96107 | Coleville, CA | Mono County",district_3
"96133 | Topaz, CA | Mono County",district_3
"93426 | Bradley, CA | Monterey County",district_6
"93450 | San Ardo, CA | Monterey County",district_6
"93451 | San Miguel, CA | Monterey County",district_6
"93901 | Salinas, CA | Monterey County",district_6
"93905 | Salinas, CA | Monterey County",district_6
"93906 | Salinas, CA | Monterey County",district_6
"93907 | Salinas, CA | Monterey County",district_6
"93908 | Salinas, CA | Monterey County",district_6
"93920 | Big Sur, CA | Monterey County",district_6
"93921 | Carmel By The Sea, CA | Monterey County",district_6
"93923 | Carmel, CA | Monterey County",district_6
"93924 | Carmel Valley, CA | Monterey County",district_6
"93925 | Chualar, CA | Monterey County",district_6
"93926 | Gonzales, CA | Monterey County",district_6
"93927 | Greenfield, CA | Monterey County",district_6
"93928 | Jolon, CA | Monterey County",district_6
"93930 | King City, CA | Monterey County",district_6
"93932 | Lockwood, CA | Monterey County",district_6
"93933 | Marina, CA | Monterey County",district_6
"93940 | Monterey, CA | Monterey County",district_6
"93943 | Monterey, CA | Monterey County",district_6
"93944 | Monterey, CA | Monterey County",district_6
"93950 | Pacific Grove, CA | Monterey County",district_6
"93953 | Pebble Beach, CA | Monterey County",district_6
"93954 | San Lucas, CA | Monterey County",district_6
"93955 | Seaside, CA | Monterey County",district_6
"93960 | Soledad, CA | Monterey County",district_6
"93962 | Spreckels, CA | Monterey County",district_6
"95004 | Aromas, CA | Monterey County",district_6
"95012 | Castroville, CA | Monterey County",district_6
"95039 | Moss Landing, CA | Monterey County",district_6
"94503 | American Canyon, CA | Napa County",district_1
"94508 | Angwin, CA | Napa County",district_1
"94558 | Napa, CA | Napa County",district_1
"94559 | Napa, CA | Napa County",district_1
"94562 | Oakville, CA | Napa County",district_1
"94567 | Pope Valley, CA | Napa County",district_1
"94573 | Rutherford, CA | Napa County",district_1
"94574 | Saint Helena, CA | Napa County",district_1
"94576 | Deer Park, CA | Napa County",district_1
"94599 | Yountville, CA | Napa County",district_1
"95945 | Grass Valley, CA | Nevada County",district_3
"95946 | Penn Valley, CA | Nevada County",district_3
"95949 | Grass Valley, CA | Nevada County",district_3
"95959 | Nevada City, CA | Nevada County",district_3
"95975 | Rough And Ready, CA | Nevada County",district_3
"95986 | Washington, CA | Nevada County",district_3
"96111 | Floriston, CA | Nevada County",district_3
"96161 | Truckee, CA | Nevada County",district_3
"90620 | Buena Park, CA | Orange County",district_4
"90621 | Buena Park, CA | Orange County",district_4
"90623 | La Palma, CA | Orange County",district_4
"90630 | Cypress, CA | Orange County",district_4
"90631 | La Habra, CA | Orange County",district_4
"90680 | Stanton, CA | Orange County",district_4
"90720 | Los Alamitos, CA | Orange County",district_4
"90740 | Seal Beach, CA | Orange County",district_4
"90742 | Sunset Beach, CA | Orange County",district_4
"90743 | Surfside, CA | Orange County",district_4
"92602 | Irvine, CA | Orange County",district_4
"92603 | Irvine, CA | Orange County",district_4
"92604 | Irvine, CA | Orange County",district_4
"92606 | Irvine, CA | Orange County",district_4
"92610 | Foothill Ranch, CA | Orange County",district_4
"92612 | Irvine, CA | Orange County",district_4
"92614 | Irvine, CA | Orange County",district_4
"92617 | Irvine, CA | Orange County",district_4
"92618 | Irvine, CA | Orange County",district_4
"92620 | Irvine, CA | Orange County",district_4
"92624 | Capistrano Beach, CA | Orange County",district_4
"92625 | Corona Del Mar, CA | Orange County",district_4
"92626 | Costa Mesa, CA | Orange County",district_4
"92627 | Costa Mesa, CA | Orange County",district_4
"92629 | Dana Point, CA | Orange County",district_4
"92630 | Lake Forest, CA | Orange County",district_4
"92637 | Laguna Woods, CA | Orange County",district_4
"92646 | Huntington Beach, CA | Orange County",district_4
"92647 | Huntington Beach, CA | Orange County",district_4
"92648 | Huntington Beach, CA | Orange County",district_4
"92649 | Huntington Beach, CA | Orange County",district_4
"92651 | Laguna Beach, CA | Orange County",district_4
"92653 | Laguna Hills, CA | Orange County",district_4
"92655 | Midway City, CA | Orange County",district_4
"92656 | Aliso Viejo, CA | Orange County",district_4
"92657 | Newport Coast, CA | Orange County",district_4
"92660 | Newport Beach, CA | Orange County",district_4
"92661 | Newport Beach, CA | Orange County",district_4
"92662 | Newport Beach, CA | Orange County",district_4
"92663 | Newport Beach, CA | Orange County",district_4
"92673 | San Clemente, CA | Orange County",district_4
"92675 | San Juan Capistrano, CA | Orange County",district_4
"92676 | Silverado, CA | Orange County",district_4
"92677 | Laguna Niguel, CA | Orange County",district_4
"92678 | Trabuco Canyon, CA | Orange County",district_4
"92679 | Trabuco Canyon, CA | Orange County",district_4
"92683 | Westminster, CA | Orange County",district_4
"92688 | Rancho Santa Margarita, CA | Orange County",district_4
"92691 | Mission Viejo, CA | Orange County",district_4
"92692 | Mission Viejo, CA | Orange County",district_4
"92694 | Ladera Ranch, CA | Orange County",district_4
"92697 | Irvine, CA | Orange County",district_4
"92701 | Santa Ana, CA | Orange County",district_4
"92703 | Santa Ana, CA | Orange County",district_4
"92704 | Santa Ana, CA | Orange County",district_4
"92705 | Santa Ana, CA | Orange County",district_4
"92706 | Santa Ana, CA | Orange County",district_4
"92707 | Santa Ana, CA | Orange County",district_4
"92708 | Fountain Valley, CA | Orange County",district_4
"92780 | Tustin, CA | Orange County",district_4
"92782 | Tustin, CA | Orange County",district_4
"92801 | Anaheim, CA | Orange County",district_4
"92802 | Anaheim, CA | Orange County",district_4
"92804 | Anaheim, CA | Orange County",district_4
"92805 | Anaheim, CA | Orange County",district_4
"92806 | Anaheim, CA | Orange County",district_4
"92807 | Anaheim, CA | Orange County",district_4
"92808 | Anaheim, CA | Orange County",district_4
"92821 | Brea, CA | Orange County",district_4
"92823 | Brea, CA | Orange County",district_4
"92831 | Fullerton, CA | Orange County",district_4
"92832 | Fullerton, CA | Orange County",district_4
"92833 | Fullerton, CA | Orange County",district_4
"92835 | Fullerton, CA | Orange County",district_4
"92840 | Garden Grove, CA | Orange County",district_4
"92841 | Garden Grove, CA | Orange County",district_4
"92843 | Garden Grove, CA | Orange County",district_4
"92844 | Garden Grove, CA | Orange County",district_4
"92845 | Garden Grove, CA | Orange County",district_4
"92861 | Villa Park, CA | Orange County",district_4
"92865 | Orange, CA | Orange County",district_4
"92866 | Orange, CA | Orange County",district_4
"92867 | Orange, CA | Orange County",district_4
"92868 | Orange, CA | Orange County",district_4
"92869 | Orange, CA | Orange County",district_4
"92870 | Placentia, CA | Orange County",district_4
"92886 | Yorba Linda, CA | Orange County",district_4
"92887 | Yorba Linda, CA | Orange County",district_4
"95602 | Auburn, CA | Placer County",district_3
"95603 | Auburn, CA | Placer County",district_3
"95604 | Auburn, CA | Placer County",district_3
"95631 | Foresthill, CA | Placer County",district_3
"95648 | Lincoln, CA | Placer County",district_3
"95650 | Loomis, CA | Placer County",district_3
"95658 | Newcastle, CA | Placer County",district_3
"95661 | Roseville, CA | Placer County",district_3
"95663 | Penryn, CA | Placer County",district_3
"95677 | Rocklin, CA | Placer County",district_3
"95678 | Roseville, CA | Placer County",district_3
"95681 | Sheridan, CA | Placer County",district_3
"95701 | Alta, CA | Placer County",district_3
"95703 | Applegate, CA | Placer County",district_3
"95713 | Colfax, CA | Placer County",district_3
"95714 | Dutch Flat, CA | Placer County",district_3
"95715 | Emigrant Gap, CA | Placer County",district_3
"95717 | Gold Run, CA | Placer County",district_3
"95722 | Meadow Vista, CA | Placer County",district_3
"95728 | Soda Springs, CA | Placer County",district_3
"95736 | Weimar, CA | Placer County",district_3
"95746 | Granite Bay, CA | Placer County",district_3
"95747 | Roseville, CA | Placer County",district_3
"95765 | Rocklin, CA | Placer County",district_3
"96140 | Carnelian Bay, CA | Placer County",district_3
"96141 | Homewood, CA | Placer County",district_3
"96143 | Kings Beach, CA | Placer County",district_3
"96145 | Tahoe City, CA | Placer County",district_3
"96146 | Olympic Valley, CA | Placer County",district_3
"96148 | Tahoe Vista, CA | Placer County",district_3
"95915 | Belden, CA | Plumas County",district_3
"95923 | Canyon Dam, CA | Plumas County",district_3
"95934 | Crescent Mills, CA | Plumas County",district_3
"95947 | Greenville, CA | Plumas County",district_3
"95956 | Meadow Valley, CA | Plumas County",district_3
"95971 | Quincy, CA | Plumas County",district_3
"95981 | Strawberry Valley, CA | Plumas County",district_3
"95983 | Taylorsville, CA | Plumas County",district_3
"95984 | Twain, CA | Plumas County",district_3
"96020 | Chester, CA | Plumas County",district_3
"96103 | Blairsden Graeagle, CA | Plumas County",district_3
"96105 | Chilcoot, CA | Plumas County",district_3
"96106 | Clio, CA | Plumas County",district_3
"96122 | Portola, CA | Plumas County",district_3
"96129 | Beckwourth, CA | Plumas County",district_3
"96135 | Vinton, CA | Plumas County",district_3
"91752 | Mira Loma, CA | Riverside County",district_4
"92201 | Indio, CA | Riverside County",district_4
"92203 | Indio, CA | Riverside County",district_4
"92210 | Indian Wells, CA | Riverside County",district_4
"92211 | Palm Desert, CA | Riverside County",district_4
"92220 | Banning, CA | Riverside County",district_4
"92223 | Beaumont, CA | Riverside County",district_4
"92225 | Blythe, CA | Riverside County",district_4
"92230 | Cabazon, CA | Riverside County",district_4
"92234 | Cathedral City, CA | Riverside County",district_4
"92236 | Coachella, CA | Riverside County",district_4
"92239 | Desert Center, CA | Riverside County",district_4
"92240 | Desert Hot Springs, CA | Riverside County",district_4
"92241 | Desert Hot Springs, CA | Riverside County",district_4
"92253 | La Quinta, CA | Riverside County",district_4
"92254 | Mecca, CA | Riverside County",district_4
"92258 | North Palm Springs, CA | Riverside County",district_4
"92260 | Palm Desert, CA | Riverside County",district_4
"92262 | Palm Springs, CA | Riverside County",district_4
"92264 | Palm Springs, CA | Riverside County",district_4
"92270 | Rancho Mirage, CA | Riverside County",district_4
"92274 | Thermal, CA | Riverside County",district_4
"92276 | Thousand Palms, CA | Riverside County",district_4
"92282 | Whitewater, CA | Riverside County",district_4
"92320 | Calimesa, CA | Riverside County",district_4
"92501 | Riverside, CA | Riverside County",district_4
"92503 | Riverside, CA | Riverside County",district_4
"92504 | Riverside, CA | Riverside County",district_4
"92505 | Riverside, CA | Riverside County",district_4
"92506 | Riverside, CA | Riverside County",district_4
"92507 | Riverside, CA | Riverside County",district_4
"92508 | Riverside, CA | Riverside County",district_4
"92509 | Jurupa Valley, CA | Riverside County",district_4
"92518 | March Air Reserve Base, CA | Riverside County",district_4
"92521 | Riverside, CA | Riverside County",district_4
"92530 | Lake Elsinore, CA | Riverside County",district_4
"92532 | Lake Elsinore, CA | Riverside County",district_4
"92536 | Aguanga, CA | Riverside County",district_4
"92539 | Anza, CA | Riverside County",district_4
"92543 | Hemet, CA | Riverside County",district_4
"92544 | Hemet, CA | Riverside County",district_4
"92545 | Hemet, CA | Riverside County",district_4
"92548 | Homeland, CA | Riverside County",district_4
"92549 | Idyllwild, CA | Riverside County",district_4
"92551 | Moreno Valley, CA | Riverside County",district_4
"92553 | Moreno Valley, CA | Riverside County",district_4
"92555 | Moreno Valley, CA | Riverside County",district_4
"92557 | Moreno Valley, CA | Riverside County",district_4
"92561 | Mountain Center, CA | Riverside County",district_4
"92562 | Murrieta, CA | Riverside County",district_4
"92563 | Murrieta, CA | Riverside County",district_4
"92567 | Nuevo, CA | Riverside County",district_4
"92570 | Perris, CA | Riverside County",district_4
"92571 | Perris, CA | Riverside County",district_4
"92582 | San Jacinto, CA | Riverside County",district_4
"92583 | San Jacinto, CA | Riverside County",district_4
"92584 | Menifee, CA | Riverside County",district_4
"92585 | Menifee, CA | Riverside County",district_4
"92586 | Menifee, CA | Riverside County",district_4
"92587 | Menifee, CA | Riverside County",district_4
"92590 | Temecula, CA | Riverside County",district_4
"92591 | Temecula, CA | Riverside County",district_4
"92592 | Temecula, CA | Riverside County",district_4
"92595 | Wildomar, CA | Riverside County",district_4
"92596 | Winchester, CA | Riverside County",district_4
"92860 | Norco, CA | Riverside County",district_4
"92879 | Corona, CA | Riverside County",district_4
"92880 | Corona, CA | Riverside County",district_4
"92881 | Corona, CA | Riverside County",district_4
"92882 | Corona, CA | Riverside County",district_4
"92883 | Corona, CA | Riverside County",district_4
"95608 | Carmichael, CA | Sacramento County",district_3
"95610 | Citrus Heights, CA | Sacramento County",district_3
"95615 | Courtland, CA | Sacramento County",district_3
"95621 | Citrus Heights, CA | Sacramento County",district_3
"95624 | Elk Grove, CA | Sacramento County",district_3
"95626 | Elverta, CA | Sacramento County",district_3
"95628 | Fair Oaks, CA | Sacramento County",district_3
"95630 | Folsom, CA | Sacramento County",district_3
"95632 | Galt, CA | Sacramento County",district_3
"95638 | Herald, CA | Sacramento County",district_3
"95639 | Hood, CA | Sacramento County",district_3
"95641 | Isleton, CA | Sacramento County",district_3
"95652 | Mcclellan, CA | Sacramento County",district_3
"95655 | Mather, CA | Sacramento County",district_3
"95660 | North Highlands, CA | Sacramento County",district_3
"95662 | Orangevale, CA | Sacramento County",district_3
"95670 | Rancho Cordova, CA | Sacramento County",district_3
"95671 | Represa, CA | Sacramento County",district_3
"95673 | Rio Linda, CA | Sacramento County",district_3
"95680 | Ryde, CA | Sacramento County",district_3
"95683 | Sloughhouse, CA | Sacramento County",district_3
"95690 | Walnut Grove, CA | Sacramento County",district_3
"95693 | Wilton, CA | Sacramento County",district_3
"95742 | Rancho Cordova, CA | Sacramento County",district_3
"95757 | Elk Grove, CA | Sacramento County",district_3
"95758 | Elk Grove, CA | Sacramento County",district_3
"95811 | Sacramento, CA | Sacramento County",district_3
"95814 | Sacramento, CA | Sacramento County",district_3
"95815 | Sacramento, CA | Sacramento County",district_3
"95816 | Sacramento, CA | Sacramento County",district_3
"95817 | Sacramento, CA | Sacramento County",district_3
"95818 | Sacramento, CA | Sacramento County",district_3
"95819 | Sacramento, CA | Sacramento County",district_3
"95820 | Sacramento, CA | Sacramento County",district_3
"95821 | Sacramento, CA | Sacramento County",district_3
"95822 | Sacramento, CA | Sacramento County",district_3
"95823 | Sacramento, CA | Sacramento County",district_3
"95824 | Sacramento, CA | Sacramento County",district_3
"95825 | Sacramento, CA | Sacramento County",district_3
"95826 | Sacramento, CA | Sacramento County",district_3
"95827 | Sacramento, CA | Sacramento County",district_3
"95828 | Sacramento, CA | Sacramento County",district_3
"95829 | Sacramento, CA | Sacramento County",district_3
"95830 | Sacramento, CA | Sacramento County",district_3
"95831 | Sacramento, CA | Sacramento County",district_3
"95832 | Sacramento, CA | Sacramento County",district_3
"95833 | Sacramento, CA | Sacramento County",district_3
"95834 | Sacramento, CA | Sacramento County",district_3
"95835 | Sacramento, CA | Sacramento County",district_3
"95837 | Sacramento, CA | Sacramento County",district_3
"95838 | Sacramento, CA | Sacramento County",district_3
"95841 | Sacramento, CA | Sacramento County",district_3
"95842 | Sacramento, CA | Sacramento County",district_3
"95843 | Antelope, CA | Sacramento County",district_3
"95864 | Sacramento, CA | Sacramento County",district_3
"95023 | Hollister, CA | San Benito County",district_6
"95043 | Paicines, CA | San Benito County",district_6
"95045 | San Juan Bautista, CA | San Benito County",district_6
"95075 | Tres Pinos, CA | San Benito County",district_6
"91701 | Rancho Cucamonga, CA | San Bernardino County",district_4
"91708 | Chino, CA | San Bernardino County",district_4
"91709 | Chino Hills, CA | San Bernardino County",district_4
"91710 | Chino, CA | San Bernardino County",district_4
"91730 | Rancho Cucamonga, CA | San Bernardino County",district_4
"91737 | Rancho Cucamonga, CA | San Bernardino County",district_4
"91739 | Rancho Cucamonga, CA | San Bernardino County",district_4
"91761 | Ontario, CA | San Bernardino County",district_4
"91762 | Ontario, CA | San Bernardino County",district_4
"91763 | Montclair, CA | San Bernardino County",district_4
"91764 | Ontario, CA | San Bernardino County",district_4
"91784 | Upland, CA | San Bernardino County",district_4
"91786 | Upland, CA | San Bernardino County",district_4
"92242 | Earp, CA | San Bernardino County",district_4
"92252 | Joshua Tree, CA | San Bernardino County",district_4
"92256 | Morongo Valley, CA | San Bernardino County",district_4
"92267 | Parker Dam, CA | San Bernardino County",district_4
"92268 | Pioneertown, CA | San Bernardino County",district_4
"92277 | Twentynine Palms, CA | San Bernardino County",district_4
"92278 | Twentynine Palms, CA | San Bernardino County",district_4
"92280 | Vidal, CA | San Bernardino County",district_4
"92284 | Yucca Valley, CA | San Bernardino County",district_4
"92285 | Landers, CA | San Bernardino County",district_4
"92301 | Adelanto, CA | San Bernardino County",district_4
"92304 | Amboy, CA | San Bernardino County",district_4
"92305 | Angelus Oaks, CA | San Bernardino County",district_4
"92307 | Apple Valley, CA | San Bernardino County",district_4
"92308 | Apple Valley, CA | San Bernardino County",district_4
"92309 | Baker, CA | San Bernardino County",district_4
"92310 | Fort Irwin, CA | San Bernardino County",district_4
"92311 | Barstow, CA | San Bernardino County",district_4
"92313 | Grand Terrace, CA | San Bernardino County",district_4
"92314 | Big Bear City, CA | San Bernardino County",district_4
"92315 | Big Bear Lake, CA | San Bernardino County",district_4
"92316 | Bloomington, CA | San Bernardino County",district_4
"92317 | Blue Jay, CA | San Bernardino County",district_4
"92321 | Cedar Glen, CA | San Bernardino County",district_4
"92322 | Cedarpines Park, CA | San Bernardino County",district_4
"92324 | Colton, CA | San Bernardino County",district_4
"92325 | Crestline, CA | San Bernardino County",district_4
"92327 | Daggett, CA | San Bernardino County",district_4
"92332 | Essex, CA | San Bernardino County",district_4
"92333 | Fawnskin, CA | San Bernardino County",district_4
"92335 | Fontana, CA | San Bernardino County",district_4
"92336 | Fontana, CA | San Bernardino County",district_4
"92337 | Fontana, CA | San Bernardino County",district_4
"92338 | Ludlow, CA | San Bernardino County",district_4
"92339 | Forest Falls, CA | San Bernardino County",district_4
"92341 | Green Valley Lake, CA | San Bernardino County",district_4
"92342 | Helendale, CA | San Bernardino County",district_4
"92344 | Hesperia, CA | San Bernardino County",district_4
"92345 | Hesperia, CA | San Bernardino County",district_4
"92346 | Highland, CA | San Bernardino County",district_4
"92347 | Hinkley, CA | San Bernardino County",district_4
"92350 | Loma Linda, CA | San Bernardino County",district_4
"92352 | Lake Arrowhead, CA | San Bernardino County",district_4
"92354 | Loma Linda, CA | San Bernardino County",district_4
"92356 | Lucerne Valley, CA | San Bernardino County",district_4
"92358 | Lytle Creek, CA | San Bernardino County",district_4
"92359 | Mentone, CA | San Bernardino County",district_4
"92363 | Needles, CA | San Bernardino County",district_4
"92364 | Nipton, CA | San Bernardino County",district_4
"92365 | Newberry Springs, CA | San Bernardino County",district_4
"92368 | Oro Grande, CA | San Bernardino County",district_4
"92369 | Patton, CA | San Bernardino County",district_4
"92371 | Phelan, CA | San Bernardino County",district_4
"92372 | Pinon Hills, CA | San Bernardino County",district_4
"92373 | Redlands, CA | San Bernardino County",district_4
"92374 | Redlands, CA | San Bernardino County",district_4
"92376 | Rialto, CA | San Bernardino County",district_4
"92377 | Rialto, CA | San Bernardino County",district_4
"92378 | Rimforest, CA | San Bernardino County",district_4
"92382 | Running Springs, CA | San Bernardino County",district_4
"92385 | Skyforest, CA | San Bernardino County",district_4
"92386 | Sugarloaf, CA | San Bernardino County",district_4
"92391 | Twin Peaks, CA | San Bernardino County",district_4
"92392 | Victorville, CA | San Bernardino County",district_4
"92394 | Victorville, CA | San Bernardino County",district_4
"92395 | Victorville, CA | San Bernardino County",district_4
"92398 | Yermo, CA | San Bernardino County",district_4
"92399 | Yucaipa, CA | San Bernardino County",district_4
"92401 | San Bernardino, CA | San Bernardino County",district_4
"92404 | San Bernardino, CA | San Bernardino County",district_4
"92405 | San Bernardino, CA | San Bernardino County",district_4
"92407 | San Bernardino, CA | San Bernardino County",district_4
"92408 | San Bernardino, CA | San Bernardino County",district_4
"92410 | San Bernardino, CA | San Bernardino County",district_4
"92411 | San Bernardino, CA | San Bernardino County",district_4
"92415 | San Bernardino, CA | San Bernardino County",district_4
"93558 | Red Mountain, CA | San Bernardino County",district_4
"93562 | Trona, CA | San Bernardino County",district_4
"91901 | Alpine, CA | San Diego County",district_4
"91902 | Bonita, CA | San Diego County",district_4
"91905 | Boulevard, CA | San Diego County",district_4
"91906 | Campo, CA | San Diego County",district_4
"91910 | Chula Vista, CA | San Diego County",district_4
"91911 | Chula Vista, CA | San Diego County",district_4
"91913 | Chula Vista, CA | San Diego County",district_4
"91914 | Chula Vista, CA | San Diego County",district_4
"91915 | Chula Vista, CA | San Diego County",district_4
"91916 | Descanso, CA | San Diego County",district_4
"91917 | Dulzura, CA | San Diego County",district_4
"91931 | Guatay, CA | San Diego County",district_4
"91932 | Imperial Beach, CA | San Diego County",district_4
"91934 | Jacumba, CA | San Diego County",district_4
"91935 | Jamul, CA | San Diego County",district_4
"91941 | La Mesa, CA | San Diego County",district_4
"91942 | La Mesa, CA | San Diego County",district_4
"91945 | Lemon Grove, CA | San Diego County",district_4
"91948 | Mount Laguna, CA | San Diego County",district_4
"91950 | National City, CA | San Diego County",district_4
"91962 | Pine Valley, CA | San Diego County",district_4
"91963 | Potrero, CA | San Diego County",district_4
"91977 | Spring Valley, CA | San Diego County",district_4
"91978 | Spring Valley, CA | San Diego County",district_4
"91980 | Tecate, CA | San Diego County",district_4
"92003 | Bonsall, CA | San Diego County",district_4
"92004 | Borrego Springs, CA | San Diego County",district_4
"92007 | Cardiff By The Sea, CA | San Diego County",district_4
"92008 | Carlsbad, CA | San Diego County",district_4
"92009 | Carlsbad, CA | San Diego County",district_4
"92010 | Carlsbad, CA | San Diego County",district_4
"92011 | Carlsbad, CA | San Diego County",district_4
"92014 | Del Mar, CA | San Diego County",district_4
"92019 | El Cajon, CA | San Diego County",district_4
"92020 | El Cajon, CA | San Diego County",district_4
"92021 | El Cajon, CA | San Diego County",district_4
"92024 | Encinitas, CA | San Diego County",district_4
"92025 | Escondido, CA | San Diego County",district_4
"92026 | Escondido, CA | San Diego County",district_4
"92027 | Escondido, CA | San Diego County",district_4
"92028 | Fallbrook, CA | San Diego County",district_4
"92029 | Escondido, CA | San Diego County",district_4
"92036 | Julian, CA | San Diego County",district_4
"92037 | La Jolla, CA | San Diego County",district_4
"92040 | Lakeside, CA | San Diego County",district_4
"92054 | Oceanside, CA | San Diego County",district_4
"92055 | Camp Pendleton, CA | San Diego County",district_4
"92056 | Oceanside, CA | San Diego County",district_4
"92057 | Oceanside, CA | San Diego County",district_4
"92058 | Oceanside, CA | San Diego County",district_4
"92059 | Pala, CA | San Diego County",district_4
"92060 | Palomar Mountain, CA | San Diego County",district_4
"92061 | Pauma Valley, CA | San Diego County",district_4
"92064 | Poway, CA | San Diego County",district_4
"92065 | Ramona, CA | San Diego County",district_4
"92066 | Ranchita, CA | San Diego County",district_4
"92067 | Rancho Santa Fe, CA | San Diego County",district_4
"92069 | San Marcos, CA | San Diego County",district_4
"92070 | Santa Ysabel, CA | San Diego County",district_4
"92071 | Santee, CA | San Diego County",district_4
"92075 | Solana Beach, CA | San Diego County",district_4
"92078 | San Marcos, CA | San Diego County",district_4
"92081 | Vista, CA | San Diego County",district_4
"92082 | Valley Center, CA | San Diego County",district_4
"92083 | Vista, CA | San Diego County",district_4
"92084 | Vista, CA | San Diego County",district_4
"92086 | Warner Springs, CA | San Diego County",district_4
"92091 | Rancho Santa Fe, CA | San Diego County",district_4
"92092 | La Jolla, CA | San Diego County",district_4
"92093 | La Jolla, CA | San Diego County",district_4
"92096 | San Marcos, CA | San Diego County",district_4
"92101 | San Diego, CA | San Diego County",district_4
"92102 | San Diego, CA | San Diego County",district_4
"92103 | San Diego, CA | San Diego County",district_4
"92104 | San Diego, CA | San Diego County",district_4
"92105 | San Diego, CA | San Diego County",district_4
"92106 | San Diego, CA | San Diego County",district_4
"92107 | San Diego, CA | San Diego County",district_4
"92108 | San Diego, CA | San Diego County",district_4
"92109 | San Diego, CA | San Diego County",district_4
"92110 | San Diego, CA | San Diego County",district_4
"92111 | San Diego, CA | San Diego County",district_4
"92113 | San Diego, CA | San Diego County",district_4
"92114 | San Diego, CA | San Diego County",district_4
"92115 | San Diego, CA | San Diego County",district_4
"92116 | San Diego, CA | San Diego County",district_4
"92117 | San Diego, CA | San Diego County",district_4
"92118 | Coronado, CA | San Diego County",district_4
"92119 | San Diego, CA | San Diego County",district_4
"92120 | San Diego, CA | San Diego County",district_4
"92121 | San Diego, CA | San Diego County",district_4
"92122 | San Diego, CA | San Diego County",district_4
"92123 | San Diego, CA | San Diego County",district_4
"92124 | San Diego, CA | San Diego County",district_4
"92126 | San Diego, CA | San Diego County",district_4
"92127 | San Diego, CA | San Diego County",district_4
"92128 | San Diego, CA | San Diego County",district_4
"92129 | San Diego, CA | San Diego County",district_4
"92130 | San Diego, CA | San Diego County",district_4
"92131 | San Diego, CA | San Diego County",district_4
"92132 | San Diego, CA | San Diego County",district_4
"92134 | San Diego, CA | San Diego County",district_4
"92135 | San Diego, CA | San Diego County",district_4
"92136 | San Diego, CA | San Diego County",district_4
"92139 | San Diego, CA | San Diego County",district_4
"92140 | San Diego, CA | San Diego County",district_4
"92145 | San Diego, CA | San Diego County",district_4
"92147 | San Diego, CA | San Diego County",district_4
"92154 | San Diego, CA | San Diego County",district_4
"92155 | San Diego, CA | San Diego County",district_4
"92161 | San Diego, CA | San Diego County",district_4
"92173 | San Ysidro, CA | San Diego County",district_4
"92179 | San Diego, CA | San Diego County",district_4
"92182 | San Diego, CA | San Diego County",district_4
"92672 | San Clemente, CA | San Diego County",district_4
"94102 | San Francisco, CA | San Francisco County",district_1
"94103 | San Francisco, CA | San Francisco County",district_1
"94104 | San Francisco, CA | San Francisco County",district_1
"94105 | San Francisco, CA | San Francisco County",district_1
"94107 | San Francisco, CA | San Francisco County",district_1
"94108 | San Francisco, CA | San Francisco County",district_1
"94109 | San Francisco, CA | San Francisco County",district_1
"94110 | San Francisco, CA | San Francisco County",district_1
"94111 | San Francisco, CA | San Francisco County",district_1
"94112 | San Francisco, CA | San Francisco County",district_1
"94114 | San Francisco, CA | San Francisco County",district_1
"94115 | San Francisco, CA | San Francisco County",district_1
"94116 | San Francisco, CA | San Francisco County",district_1
"94117 | San Francisco, CA | San Francisco County",district_1
"94118 | San Francisco, CA | San Francisco County",district_1
"94121 | San Francisco, CA | San Francisco County",district_1
"94122 | San Francisco, CA | San Francisco County",district_1
"94123 | San Francisco, CA | San Francisco County",district_1
"94124 | San Francisco, CA | San Francisco County",district_1
"94127 | San Francisco, CA | San Francisco County",district_1
"94129 | San Francisco, CA | San Francisco County",district_1
"94130 | San Francisco, CA | San Francisco County",district_1
"94131 | San Francisco, CA | San Francisco County",district_1
"94132 | San Francisco, CA | San Francisco County",district_1
"94133 | San Francisco, CA | San Francisco County",district_1
"94134 | San Francisco, CA | San Francisco County",district_1
"94158 | San Francisco, CA | San Francisco County",district_1
"94188 | San Francisco, CA | San Francisco County",district_1
"95202 | Stockton, CA | San Joaquin County",district_3
"95203 | Stockton, CA | San Joaquin County",district_3
"95204 | Stockton, CA | San Joaquin County",district_3
"95205 | Stockton, CA | San Joaquin County",district_3
"95206 | Stockton, CA | San Joaquin County",district_3
"95207 | Stockton, CA | San Joaquin County",district_3
"95209 | Stockton, CA | San Joaquin County",district_3
"95210 | Stockton, CA | San Joaquin County",district_3
"95211 | Stockton, CA | San Joaquin County",district_3
"95212 | Stockton, CA | San Joaquin County",district_3
"95215 | Stockton, CA | San Joaquin County",district_3
"95219 | Stockton, CA | San Joaquin County",district_3
"95220 | Acampo, CA | San Joaquin County",district_3
"95227 | Clements, CA | San Joaquin County",district_3
"95231 | French Camp, CA | San Joaquin County",district_3
"95236 | Linden, CA | San Joaquin County",district_3
"95237 | Lockeford, CA | San Joaquin County",district_3
"95240 | Lodi, CA | San Joaquin County",district_3
"95242 | Lodi, CA | San Joaquin County",district_3
"95253 | Victor, CA | San Joaquin County",district_3
"95258 | Woodbridge, CA | San Joaquin County",district_3
"95304 | Tracy, CA | San Joaquin County",district_3
"95320 | Escalon, CA | San Joaquin County",district_3
"95330 | Lathrop, CA | San Joaquin County",district_3
"95336 | Manteca, CA | San Joaquin County",district_3
"95337 | Manteca, CA | San Joaquin County",district_3
"95366 | Ripon, CA | San Joaquin County",district_3
"95376 | Tracy, CA | San Joaquin County",district_3
"95377 | Tracy, CA | San Joaquin County",district_3
"95686 | Thornton, CA | San Joaquin County",district_3
"93401 | San Luis Obispo, CA | San Luis Obispo County",district_2
"93402 | Los Osos, CA | San Luis Obispo County",district_2
"93405 | San Luis Obispo, CA | San Luis Obispo County",district_2
"93407 | San Luis Obispo, CA | San Luis Obispo County",district_2
"93408 | San Luis Obispo, CA | San Luis Obispo County",district_2
"93409 | San Luis Obispo, CA | San Luis Obispo County",district_2
"93410 | San Luis Obispo, CA | San Luis Obispo County",district_2
"93420 | Arroyo Grande, CA | San Luis Obispo County",district_2
"93422 | Atascadero, CA | San Luis Obispo County",district_2
"93424 | Avila Beach, CA | San Luis Obispo County",district_2
"93428 | Cambria, CA | San Luis Obispo County",district_2
"93430 | Cayucos, CA | San Luis Obispo County",district_2
"93432 | Creston, CA | San Luis Obispo County",district_2
"93433 | Grover Beach, CA | San Luis Obispo County",district_2
"93442 | Morro Bay, CA | San Luis Obispo County",district_2
"93444 | Nipomo, CA | San Luis Obispo County",district_2
"93445 | Oceano, CA | San Luis Obispo County",district_2
"93446 | Paso Robles, CA | San Luis Obispo County",district_2
"93449 | Pismo Beach, CA | San Luis Obispo County",district_2
"93452 | San Simeon, CA | San Luis Obispo County",district_2
"93453 | Santa Margarita, CA | San Luis Obispo County",district_2
"93461 | Shandon, CA | San Luis Obispo County",district_2
"93465 | Templeton, CA | San Luis Obispo County",district_2
"94002 | Belmont, CA | San Mateo County",district_1
"94005 | Brisbane, CA | San Mateo County",district_1
"94010 | Burlingame, CA | San Mateo County",district_1
"94014 | Daly City, CA | San Mateo County",district_1
"94015 | Daly City, CA | San Mateo County",district_1
"94018 | El Granada, CA | San Mateo County",district_1
"94019 | Half Moon Bay, CA | San Mateo County",district_1
"94020 | La Honda, CA | San Mateo County",district_1
"94021 | Loma Mar, CA | San Mateo County",district_1
"94025 | Menlo Park, CA | San Mateo County",district_1
"94027 | Atherton, CA | San Mateo County",district_1
"94028 | Portola Valley, CA | San Mateo County",district_1
"94030 | Millbrae, CA | San Mateo County",district_1
"94037 | Montara, CA | San Mateo County",district_1
"94038 | Moss Beach, CA | San Mateo County",district_1
"94044 | Pacifica, CA | San Mateo County",district_1
"94060 | Pescadero, CA | San Mateo County",district_1
"94061 | Redwood City, CA | San Mateo County",district_1
"94062 | Redwood City, CA | San Mateo County",district_1
"94063 | Redwood City, CA | San Mateo County",district_1
"94065 | Redwood City, CA | San Mateo County",district_1
"94066 | San Bruno, CA | San Mateo County",district_1
"94070 | San Carlos, CA | San Mateo County",district_1
"94074 | San Gregorio, CA | San Mateo County",district_1
"94080 | South San Francisco, CA | San Mateo County",district_1
"94128 | San Francisco, CA | San Mateo County",district_1
"94401 | San Mateo, CA | San Mateo County",district_1
"94402 | San Mateo, CA | San Mateo County",district_1
"94403 | San Mateo, CA | San Mateo County",district_1
"94404 | San Mateo, CA | San Mateo County",district_1
"93013 | Carpinteria, CA | Santa Barbara County",district_2
"93067 | Summerland, CA | Santa Barbara County",district_2
"93101 | Santa Barbara, CA | Santa Barbara County",district_2
"93103 | Santa Barbara, CA | Santa Barbara County",district_2
"93105 | Santa Barbara, CA | Santa Barbara County",district_2
"93106 | Santa Barbara, CA | Santa Barbara County",district_2
"93108 | Santa Barbara, CA | Santa Barbara County",district_2
"93109 | Santa Barbara, CA | Santa Barbara County",district_2
"93110 | Santa Barbara, CA | Santa Barbara County",district_2
"93111 | Santa Barbara, CA | Santa Barbara County",district_2
"93117 | Goleta, CA | Santa Barbara County",district_2
"93254 | New Cuyama, CA | Santa Barbara County",district_2
"93427 | Buellton, CA | Santa Barbara County",district_2
"93429 | Casmalia, CA | Santa Barbara County",district_2
"93434 | Guadalupe, CA | Santa Barbara County",district_2
"93436 | Lompoc, CA | Santa Barbara County",district_2
"93437 | Lompoc, CA | Santa Barbara County",district_2
"93440 | Los Alamos, CA | Santa Barbara County",district_2
"93441 | Los Olivos, CA | Santa Barbara County",district_2
"93454 | Santa Maria, CA | Santa Barbara County",district_2
"93455 | Santa Maria, CA | Santa Barbara County",district_2
"93458 | Santa Maria, CA | Santa Barbara County",district_2
"93460 | Santa Ynez, CA | Santa Barbara County",district_2
"93463 | Solvang, CA | Santa Barbara County",district_2
"94022 | Los Altos, CA | Santa Clara County",district_6
"94024 | Los Altos, CA | Santa Clara County",district_6
"94040 | Mountain View, CA | Santa Clara County",district_6
"94041 | Mountain View, CA | Santa Clara County",district_6
"94043 | Mountain View, CA | Santa Clara County",district_6
"94085 | Sunnyvale, CA | Santa Clara County",district_6
"94086 | Sunnyvale, CA | Santa Clara County",district_6
"94087 | Sunnyvale, CA | Santa Clara County",district_6
"94089 | Sunnyvale, CA | Santa Clara County",district_6
"94301 | Palo Alto, CA | Santa Clara County",district_6
"94303 | Palo Alto, CA | Santa Clara County",district_6
"94304 | Palo Alto, CA | Santa Clara County",district_6
"94305 | Stanford, CA | Santa Clara County",district_6
"94306 | Palo Alto, CA | Santa Clara County",district_6
"95002 | Alviso, CA | Santa Clara County",district_6
"95008 | Campbell, CA | Santa Clara County",district_6
"95013 | Coyote, CA | Santa Clara County",district_6
"95014 | Cupertino, CA | Santa Clara County",district_6
"95020 | Gilroy, CA | Santa Clara County",district_6
"95030 | Los Gatos, CA | Santa Clara County",district_6
"95032 | Los Gatos, CA | Santa Clara County",district_6
"95035 | Milpitas, CA | Santa Clara County",district_6
"95037 | Morgan Hill, CA | Santa Clara County",district_6
"95046 | San Martin, CA | Santa Clara County",district_6
"95050 | Santa Clara, CA | Santa Clara County",district_6
"95051 | Santa Clara, CA | Santa Clara County",district_6
"95053 | Santa Clara, CA | Santa Clara County",district_6
"95054 | Santa Clara, CA | Santa Clara County",district_6
"95070 | Saratoga, CA | Santa Clara County",district_6
"95110 | San Jose, CA | Santa Clara County",district_6
"95111 | San Jose, CA | Santa Clara County",district_6
"95112 | San Jose, CA | Santa Clara County",district_6
"95113 | San Jose, CA | Santa Clara County",district_6
"95116 | San Jose, CA | Santa Clara County",district_6
"95117 | San Jose, CA | Santa Clara County",district_6
"95118 | San Jose, CA | Santa Clara County",district_6
"95119 | San Jose, CA | Santa Clara County",district_6
"95120 | San Jose, CA | Santa Clara County",district_6
"95121 | San Jose, CA | Santa Clara County",district_6
"95122 | San Jose, CA | Santa Clara County",district_6
"95123 | San Jose, CA | Santa Clara County",district_6
"95124 | San Jose, CA | Santa Clara County",district_6
"95125 | San Jose, CA | Santa Clara County",district_6
"95126 | San Jose, CA | Santa Clara County",district_6
"95127 | San Jose, CA | Santa Clara County",district_6
"95128 | San Jose, CA | Santa Clara County",district_6
"95129 | San Jose, CA | Santa Clara County",district_6
"95130 | San Jose, CA | Santa Clara County",district_6
"95131 | San Jose, CA | Santa Clara County",district_6
"95132 | San Jose, CA | Santa Clara County",district_6
"95133 | San Jose, CA | Santa Clara County",district_6
"95134 | San Jose, CA | Santa Clara County",district_6
"95135 | San Jose, CA | Santa Clara County",district_6
"95136 | San Jose, CA | Santa Clara County",district_6
"95138 | San Jose, CA | Santa Clara County",district_6
"95139 | San Jose, CA | Santa Clara County",district_6
"95140 | Mount Hamilton, CA | Santa Clara County",district_6
"95148 | San Jose, CA | Santa Clara County",district_6
"95003 | Aptos, CA | Santa Cruz County",district_6
"95005 | Ben Lomond, CA | Santa Cruz County",district_6
"95006 | Boulder Creek, CA | Santa Cruz County",district_6
"95007 | Brookdale, CA | Santa Cruz County",district_6
"95010 | Capitola, CA | Santa Cruz County",district_6
"95017 | Davenport, CA | Santa Cruz County",district_6
"95018 | Felton, CA | Santa Cruz County",district_6
"95019 | Freedom, CA | Santa Cruz County",district_6
"95033 | Los Gatos, CA | Santa Cruz County",district_6
"95041 | Mount Hermon, CA | Santa Cruz County",district_6
"95060 | Santa Cruz, CA | Santa Cruz County",district_6
"95062 | Santa Cruz, CA | Santa Cruz County",district_6
"95064 | Santa Cruz, CA | Santa Cruz County",district_6
"95065 | Santa Cruz, CA | Santa Cruz County",district_6
"95066 | Scotts Valley, CA | Santa Cruz County",district_6
"95073 | Soquel, CA | Santa Cruz County",district_6
"95076 | Watsonville, CA | Santa Cruz County",district_6
"96001 | Redding, CA | Shasta County",district_3
"96002 | Redding, CA | Shasta County",district_3
"96003 | Redding, CA | Shasta County",district_3
"96007 | Anderson, CA | Shasta County",district_3
"96008 | Bella Vista, CA | Shasta County",district_3
"96011 | Big Bend, CA | Shasta County",district_3
"96013 | Burney, CA | Shasta County",district_3
"96016 | Cassel, CA | Shasta County",district_3
"96017 | Castella, CA | Shasta County",district_3
"96019 | Shasta Lake, CA | Shasta County",district_3
"96028 | Fall River Mills, CA | Shasta County",district_3
"96033 | French Gulch, CA | Shasta County",district_3
"96040 | Hat Creek, CA | Shasta County",district_3
"96047 | Igo, CA | Shasta County",district_3
"96051 | Lakehead, CA | Shasta County",district_3
"96062 | Millville, CA | Shasta County",district_3
"96065 | Montgomery Creek, CA | Shasta County",district_3
"96069 | Oak Run, CA | Shasta County",district_3
"96071 | Old Station, CA | Shasta County",district_3
"96073 | Palo Cedro, CA | Shasta County",district_3
"96084 | Round Mountain, CA | Shasta County",district_3
"96087 | Shasta, CA | Shasta County",district_3
"96088 | Shingletown, CA | Shasta County",district_3
"96096 | Whitmore, CA | Shasta County",district_3
"95910 | Alleghany, CA | Sierra County",district_3
"95936 | Downieville, CA | Sierra County",district_3
"95944 | Goodyears Bar, CA | Sierra County",district_3
"95960 | North San Juan, CA | Sierra County",district_3
"96118 | Loyalton, CA | Sierra County",district_3
"96124 | Calpine, CA | Sierra County",district_3
"96125 | Sierra City, CA | Sierra County",district_3
"96126 | Sierraville, CA | Sierra County",district_3
"95568 | Somes Bar, CA | Siskiyou County",district_3
"96014 | Callahan, CA | Siskiyou County",district_3
"96023 | Dorris, CA | Siskiyou County",district_3
"96025 | Dunsmuir, CA | Siskiyou County",district_3
"96027 | Etna, CA | Siskiyou County",district_3
"96031 | Forks Of Salmon, CA | Siskiyou County",district_3
"96032 | Fort Jones, CA | Siskiyou County",district_3
"96034 | Gazelle, CA | Siskiyou County",district_3
"96037 | Greenview, CA | Siskiyou County",district_3
"96038 | Grenada, CA | Siskiyou County",district_3
"96039 | Happy Camp, CA | Siskiyou County",district_3
"96044 | Hornbrook, CA | Siskiyou County",district_3
"96050 | Klamath River, CA | Siskiyou County",district_3
"96057 | Mccloud, CA | Siskiyou County",district_3
"96058 | Macdoel, CA | Siskiyou County",district_3
"96064 | Montague, CA | Siskiyou County",district_3
"96067 | Mount Shasta, CA | Siskiyou County",district_3
"96085 | Scott Bar, CA | Siskiyou County",district_3
"96086 | Seiad Valley, CA | Siskiyou County",district_3
"96094 | Weed, CA | Siskiyou County",district_3
"96097 | Yreka, CA | Siskiyou County",district_3
"94510 | Benicia, CA | Solano County",district_1
"94512 | Birds Landing, CA | Solano County",district_1
"94533 | Fairfield, CA | Solano County",district_1
"94534 | Fairfield, CA | Solano County",district_1
"94535 | Travis Afb, CA | Solano County",district_1
"94571 | Rio Vista, CA | Solano County",district_1
"94585 | Suisun City, CA | Solano County",district_1
"94589 | Vallejo, CA | Solano County",district_1
"94590 | Vallejo, CA | Solano County",district_1
"94591 | Vallejo, CA | Solano County",district_1
"94592 | Vallejo, CA | Solano County",district_1
"95620 | Dixon, CA | Solano County",district_1
"95625 | Elmira, CA | Solano County",district_1
"95687 | Vacaville, CA | Solano County",district_1
"95688 | Vacaville, CA | Solano County",district_1
"94515 | Calistoga, CA | Sonoma County",district_1
"94922 | Bodega, CA | Sonoma County",district_1
"94923 | Bodega Bay, CA | Sonoma County",district_1
"94928 | Rohnert Park, CA | Sonoma County",district_1
"94931 | Cotati, CA | Sonoma County",district_1
"94951 | Penngrove, CA | Sonoma County",district_1
"94954 | Petaluma, CA | Sonoma County",district_1
"94972 | Valley Ford, CA | Sonoma County",district_1
"95401 | Santa Rosa, CA | Sonoma County",district_1
"95403 | Santa Rosa, CA | Sonoma County",district_1
"95404 | Santa Rosa, CA | Sonoma County",district_1
"95405 | Santa Rosa, CA | Sonoma County",district_1
"95407 | Santa Rosa, CA | Sonoma County",district_1
"95409 | Santa Rosa, CA | Sonoma County",district_1
"95412 | Annapolis, CA | Sonoma County",district_1
"95419 | Camp Meeker, CA | Sonoma County",district_1
"95421 | Cazadero, CA | Sonoma County",district_1
"95425 | Cloverdale, CA | Sonoma County",district_1
"95430 | Duncans Mills, CA | Sonoma County",district_1
"95431 | Eldridge, CA | Sonoma County",district_1
"95436 | Forestville, CA | Sonoma County",district_1
"95439 | Fulton, CA | Sonoma County",district_1
"95441 | Geyserville, CA | Sonoma County",district_1
"95442 | Glen Ellen, CA | Sonoma County",district_1
"95444 | Graton, CA | Sonoma County",district_1
"95446 | Guerneville, CA | Sonoma County",district_1
"95448 | Healdsburg, CA | Sonoma County",district_1
"95450 | Jenner, CA | Sonoma County",district_1
"95452 | Kenwood, CA | Sonoma County",district_1
"95462 | Monte Rio, CA | Sonoma County",district_1
"95465 | Occidental, CA | Sonoma County",district_1
"95471 | Rio Nido, CA | Sonoma County",district_1
"95472 | Sebastopol, CA | Sonoma County",district_1
"95476 | Sonoma, CA | Sonoma County",district_1
"95480 | Stewarts Point, CA | Sonoma County",district_1
"95486 | Villa Grande, CA | Sonoma County",district_1
"95492 | Windsor, CA | Sonoma County",district_1
"95497 | The Sea Ranch, CA | Sonoma County",district_1
"95230 | Farmington, CA | Stanislaus County",district_5
"95307 | Ceres, CA | Stanislaus County",district_5
"95313 | Crows Landing, CA | Stanislaus County",district_5
"95316 | Denair, CA | Stanislaus County",district_5
"95319 | Empire, CA | Stanislaus County",district_5
"95323 | Hickman, CA | Stanislaus County",district_5
"95326 | Hughson, CA | Stanislaus County",district_5
"95328 | Keyes, CA | Stanislaus County",district_5
"95350 | Modesto, CA | Stanislaus County",district_5
"95351 | Modesto, CA | Stanislaus County",district_5
"95354 | Modesto, CA | Stanislaus County",district_5
"95355 | Modesto, CA | Stanislaus County",district_5
"95356 | Modesto, CA | Stanislaus County",district_5
"95357 | Modesto, CA | Stanislaus County",district_5
"95358 | Modesto, CA | Stanislaus County",district_5
"95360 | Newman, CA | Stanislaus County",district_5
"95361 | Oakdale, CA | Stanislaus County",district_5
"95363 | Patterson, CA | Stanislaus County",district_5
"95367 | Riverbank, CA | Stanislaus County",district_5
"95368 | Salida, CA | Stanislaus County",district_5
"95380 | Turlock, CA | Stanislaus County",district_5
"95382 | Turlock, CA | Stanislaus County",district_5
"95385 | Vernalis, CA | Stanislaus County",district_5
"95386 | Waterford, CA | Stanislaus County",district_5
"95387 | Westley, CA | Stanislaus County",district_5
"95659 | Nicolaus, CA | Sutter County",district_3
"95668 | Pleasant Grove, CA | Sutter County",district_3
"95674 | Rio Oso, CA | Sutter County",district_3
"95676 | Robbins, CA | Sutter County",district_3
"95953 | Live Oak, CA | Sutter County",district_3
"95957 | Meridian, CA | Sutter County",district_3
"95982 | Sutter, CA | Sutter County",district_3
"95991 | Yuba City, CA | Sutter County",district_3
"95993 | Yuba City, CA | Sutter County",district_3
"96021 | Corning, CA | Tehama County",district_3
"96022 | Cottonwood, CA | Tehama County",district_3
"96029 | Flournoy, CA | Tehama County",district_3
"96035 | Gerber, CA | Tehama County",district_3
"96055 | Los Molinos, CA | Tehama County",district_3
"96059 | Manton, CA | Tehama County",district_3
"96061 | Mill Creek, CA | Tehama County",district_3
"96063 | Mineral, CA | Tehama County",district_3
"96074 | Paskenta, CA | Tehama County",district_3
"96075 | Paynes Creek, CA | Tehama County",district_3
"96078 | Proberta, CA | Tehama County",district_3
"96080 | Red Bluff, CA | Tehama County",district_3
"96090 | Tehama, CA | Tehama County",district_3
"96092 | Vina, CA | Tehama County",district_3
"95527 | Burnt Ranch, CA | Trinity County",district_3
"95552 | Mad River, CA | Trinity County",district_3
"95563 | Salyer, CA | Trinity County",district_3
"95595 | Zenia, CA | Trinity County",district_3
"96010 | Big Bar, CA | Trinity County",district_3
"96024 | Douglas City, CA | Trinity County",district_3
"96041 | Hayfork, CA | Trinity County",district_3
"96046 | Hyampom, CA | Trinity County",district_3
"96048 | Junction City, CA | Trinity County",district_3
"96052 | Lewiston, CA | Trinity County",district_3
"96076 | Platina, CA | Trinity County",district_3
"96091 | Trinity Center, CA | Trinity County",district_3
"96093 | Weaverville, CA | Trinity County",district_3
"93201 | Alpaugh, CA | Tulare County",district_5
"93207 | California Hot Springs, CA | Tulare County",district_5
"93208 | Camp Nelson, CA | Tulare County",district_5
"93218 | Ducor, CA | Tulare County",district_5
"93219 | Earlimart, CA | Tulare County",district_5
"93221 | Exeter, CA | Tulare County",district_5
"93223 | Farmersville, CA | Tulare County",district_5
"93227 | Goshen, CA | Tulare County",district_5
"93235 | Ivanhoe, CA | Tulare County",district_5
"93237 | Kaweah, CA | Tulare County",district_5
"93238 | Kernville, CA | Tulare County",district_5
"93244 | Lemon Cove, CA | Tulare County",district_5
"93247 | Lindsay, CA | Tulare County",district_5
"93256 | Pixley, CA | Tulare County",district_5
"93257 | Porterville, CA | Tulare County",district_5
"93258 | Porterville, CA | Tulare County",district_5
"93260 | Posey, CA | Tulare County",district_5
"93261 | Richgrove, CA | Tulare County",district_5
"93262 | Sequoia National Park, CA | Tulare County",district_5
"93265 | Springville, CA | Tulare County",district_5
"93267 | Strathmore, CA | Tulare County",district_5
"93270 | Terra Bella, CA | Tulare County",district_5
"93271 | Three Rivers, CA | Tulare County",district_5
"93272 | Tipton, CA | Tulare County",district_5
"93274 | Tulare, CA | Tulare County",district_5
"93277 | Visalia, CA | Tulare County",district_5
"93286 | Woodlake, CA | Tulare County",district_5
"93291 | Visalia, CA | Tulare County",district_5
"93292 | Visalia, CA | Tulare County",district_5
"93527 | Inyokern, CA | Tulare County",district_5
"93603 | Badger, CA | Tulare County",district_5
"93615 | Cutler, CA | Tulare County",district_5
"93618 | Dinuba, CA | Tulare County",district_5
"93631 | Kingsburg, CA | Tulare County",district_5
"93633 | Kings Canyon National Pk, CA | Tulare County",district_5
"93646 | Orange Cove, CA | Tulare County",district_5
"93647 | Orosi, CA | Tulare County",district_5
"93666 | Sultana, CA | Tulare County",district_5
"93670 | Yettem, CA | Tulare County",district_5
"93673 | Traver, CA | Tulare County",district_5
"95305 | Big Oak Flat, CA | Tuolumne County",district_5
"95309 | Chinese Camp, CA | Tuolumne County",district_5
"95310 | Columbia, CA | Tuolumne County",district_5
"95321 | Groveland, CA | Tuolumne County",district_5
"95327 | Jamestown, CA | Tuolumne County",district_5
"95329 | La Grange, CA | Tuolumne County",district_5
"95335 | Long Barn, CA | Tuolumne County",district_5
"95346 | Mi Wuk Village, CA | Tuolumne County",district_5
"95364 | Pinecrest, CA | Tuolumne County",district_5
"95370 | Sonora, CA | Tuolumne County",district_5
"95372 | Soulsbyville, CA | Tuolumne County",district_5
"95375 | Strawberry, CA | Tuolumne County",district_5
"95379 | Tuolumne, CA | Tuolumne County",district_5
"95383 | Twain Harte, CA | Tuolumne County",district_5
"91320 | Newbury Park, CA | Ventura County",district_2
"91360 | Thousand Oaks, CA | Ventura County",district_2
"91361 | Westlake Village, CA | Ventura County",district_2
"91362 | Thousand Oaks, CA | Ventura County",district_2
"91377 | Oak Park, CA | Ventura County",district_2
"93001 | Ventura, CA | Ventura County",district_2
"93003 | Ventura, CA | Ventura County",district_2
"93004 | Ventura, CA | Ventura County",district_2
"93010 | Camarillo, CA | Ventura County",district_2
"93012 | Camarillo, CA | Ventura County",district_2
"93015 | Fillmore, CA | Ventura County",district_2
"93021 | Moorpark, CA | Ventura County",district_2
"93022 | Oak View, CA | Ventura County",district_2
"93023 | Ojai, CA | Ventura County",district_2
"93030 | Oxnard, CA | Ventura County",district_2
"93033 | Oxnard, CA | Ventura County",district_2
"93035 | Oxnard, CA | Ventura County",district_2
"93036 | Oxnard, CA | Ventura County",district_2
"93040 | Piru, CA | Ventura County",district_2
"93041 | Port Hueneme, CA | Ventura County",district_2
"93042 | Point Mugu Nawc, CA | Ventura County",district_2
"93043 | Port Hueneme Cbc Base, CA | Ventura County",district_2
"93060 | Santa Paula, CA | Ventura County",district_2
"93063 | Simi Valley, CA | Ventura County",district_2
"93064 | Brandeis, CA | Ventura County",district_2
"93065 | Simi Valley, CA | Ventura County",district_2
"93066 | Somis, CA | Ventura County",district_2
"93225 | Frazier Park, CA | Ventura County",district_2
"93252 | Maricopa, CA | Ventura County",district_2
"95605 | West Sacramento, CA | Yolo County",district_3
"95606 | Brooks, CA | Yolo County",district_3
"95607 | Capay, CA | Yolo County",district_3
"95612 | Clarksburg, CA | Yolo County",district_3
"95616 | Davis, CA | Yolo County",district_3
"95618 | Davis, CA | Yolo County",district_3
"95627 | Esparto, CA | Yolo County",district_3
"95637 | Guinda, CA | Yolo County",district_3
"95645 | Knights Landing, CA | Yolo County",district_3
"95653 | Madison, CA | Yolo County",district_3
"95679 | Rumsey, CA | Yolo County",district_3
"95691 | West Sacramento, CA | Yolo County",district_3
"95694 | Winters, CA | Yolo County",district_3
"95695 | Woodland, CA | Yolo County",district_3
"95697 | Yolo, CA | Yolo County",district_3
"95698 | Zamora, CA | Yolo County",district_3
"95776 | Woodland, CA | Yolo County",district_3
"95937 | Dunnigan, CA | Yolo County",district_3
"95692 | Wheatland, CA | Yuba County",district_3
"95901 | Marysville, CA | Yuba County",district_3
"95903 | Beale Afb, CA | Yuba County",district_3
"95918 | Browns Valley, CA | Yuba County",district_3
"95919 | Brownsville, CA | Yuba County",district_3
"95922 | Camptonville, CA | Yuba County",district_3
"95925 | Challenge, CA | Yuba County",district_3
"95935 | Dobbins, CA | Yuba County",district_3
"95961 | Olivehurst, CA | Yuba County",district_3
"95962 | Oregon House, CA | Yuba County",district_3
"95972 | Rackerby, CA | Yuba County",district_3
"95977 | Smartsville, CA | Yuba County",district_3