field_rule_document_id,media_label,file_url,file_name
one,ROC: Title 1,https://www.courts.ca.gov/documents/title_1.pdf,title_1.pdf
two,ROC: Title 2,https://www.courts.ca.gov/documents/title_2.pdf,title_2.pdf
three,ROC: Title 3,https://www.courts.ca.gov/documents/title_3.pdf,title_3.pdf
four,ROC: Title 4,https://www.courts.ca.gov/documents/title_4.pdf,title_4.pdf
five,ROC: Title 5,https://www.courts.ca.gov/documents/title_5.pdf,title_5.pdf
six,ROC: Title 6,https://www.courts.ca.gov/documents/title_6.pdf,title_6.pdf
seven,ROC: Title 7,https://www.courts.ca.gov/documents/title_7.pdf,title_7.pdf
eight,ROC: Title 8,https://www.courts.ca.gov/documents/title_8.pdf,title_8.pdf
nine,ROC: Title 9,https://www.courts.ca.gov/documents/title_9.pdf,title_9.pdf
ten,ROC: Title 10,https://www.courts.ca.gov/documents/title_10.pdf,title_10.pdf
standards,ROC: Standards of Judicial Administration,https://www.courts.ca.gov/documents/standards_of_judicial_administration.pdf,standards_of_judicial_administration.pdf
ethics,ROC: Ethics Standards Neutral Arbitrators,https://www.courts.ca.gov/documents/ethics_standards_neutral_arbitrators.pdf,ethics_standards_neutral_arbitrators.pdf
appendix_a,ROC: Appendix A,https://www.courts.ca.gov/documents/appendix-a.pdf,appendix-a.pdf
appendix_b,ROC: Appendix B,https://www.courts.ca.gov/documents/appendix_b.pdf,appendix_b.pdf
appendix_c,ROC: Appendix C,https://www.courts.ca.gov/documents/appendix_c.pdf,appendix_c.pdf
appendix_d,ROC: Appendix D,https://www.courts.ca.gov/documents/appendix_d.pdf,appendix_d.pdf
appendix_e,ROC: Appendix E,https://www.courts.ca.gov/documents/appendix_e.pdf,appendix_e.pdf
appendix_f,ROC: Appendix F,https://www.courts.ca.gov/documents/appendix_f.pdf,appendix_f.pdf
appendix_g,ROC: Appendix G,https://www.courts.ca.gov/documents/appendix_g.pdf,appendix_g.pdf
appendix_h,ROC: Appendix H,https://www.courts.ca.gov/documents/appendix_h.pdf,appendix_h.pdf
appendix_i,ROC: Appendix I,https://www.courts.ca.gov/documents/appendix_I.pdf,appendix_I.pdf